cid,2018-01,2018-02,2018-03,2018-04,2018-05,2018-06,2018-07,2018-08,2018-09,2018-10,2018-11,2018-12,prob,intensity,lat,lng
81432-81442,1,0,0,0,3,1,4,0,0,0,1,0,0.0122633796190795,10,-23.533238840988066,-46.41743495911055
99801-111024,2,1,2,2,0,6,0,0,3,1,1,2,0.0227891180982511,20,-23.56431935,-46.65313710000001
117038-110316,2,2,1,2,2,1,2,0,0,2,1,2,0.0251627935585084,17,-23.5081012751267,-46.70642211250439
73978-73977,2,1,1,1,1,1,0,2,0,0,4,6,0.022607655649938,19,-23.44323631244457,-46.59305508142605
7725-21794,6,0,3,4,3,1,1,1,0,0,0,1,0.0193944872469797,20,-23.555160460037,-46.65538970726752
84166-28979,3,0,3,0,2,0,1,1,2,1,3,2,0.0217562485060851,18,-23.49489031570514,-46.41204314076814
1588-1591,3,0,1,3,1,2,2,1,1,6,3,2,0.0269022669266815,25,-23.51812960636452,-46.62896071852387
28926-28953,1,1,1,2,0,1,0,2,3,2,1,3,0.0247787896906135,17,-23.492573100010333,-46.38839857497985
61906-61907,11,14,1,9,6,6,5,6,8,11,6,5,0.0294757343754854,88,-23.54285912500372,-46.64137038333346
5549-5580,3,3,3,1,2,1,1,2,0,0,0,0,0.0194705548389493,16,-23.54476766487383,-46.64284719136194
23268-23267,2,0,2,1,1,0,0,0,2,1,0,2,0.0178612212064352,11,-23.542410659296447,-46.644049928216624
27767-27766,1,2,1,0,3,1,0,0,0,2,1,0,0.0180885075053324,11,-23.476735828781777,-46.670720248218494
135876-7443,3,2,2,0,1,0,0,0,0,2,0,1,0.0154820468841078,11,-23.562968508336084,-46.69449618335197
21490-21492,1,0,0,2,2,1,2,1,2,4,5,3,0.0243003886905153,23,-23.692158889334134,-46.661680242817525
10248-10249,2,2,4,2,4,5,4,3,5,4,7,4,0.0294757343754854,46,-23.539055829270158,-46.471068396357225
41013-115826,2,0,2,0,0,3,1,1,1,0,1,1,0.0189261674940101,12,-23.459321761380966,-46.68935937549293
29808-29809,2,1,0,0,2,1,0,0,2,2,0,1,0.0177200837466361,11,-23.7045416,-46.70080180000001
115394-7723,3,2,0,3,2,5,2,2,0,1,2,1,0.0245505869147046,23,-23.55927158334189,-46.65872278333539
5537-5538,1,8,1,2,2,2,4,6,6,7,3,3,0.0294757343754854,45,-23.54141650501557,-46.63910513356799
101531-6497,14,5,10,8,8,12,7,6,8,6,4,4,0.0294757343754854,92,-23.56539749205768,-46.65752564489793
7610-6816,12,13,6,2,9,8,9,8,9,17,11,4,0.0294757343754854,108,-23.542252079808385,-46.64211320361322
72211-70632,2,4,1,3,3,6,1,1,3,4,5,1,0.0294757343754854,34,-23.5132862272621,-46.44372623604664
19254-1008,5,2,2,4,4,2,0,2,6,3,6,3,0.0275282207256605,39,-23.6011446279944,-46.60018361223149
41074-41097,1,2,1,0,2,3,0,3,0,2,1,0,0.0200781790976947,15,-23.4504932864208,-46.71614155162304
76186-76182,2,5,2,2,1,0,2,2,2,3,2,1,0.0269590885014057,24,-23.52697421573354,-46.46515035219467
111021-99803,3,2,3,3,2,2,0,1,0,1,0,1,0.0226177368970665,18,-23.566012102132483,-46.65105003155295
13942-139245,3,5,1,3,1,2,1,3,2,0,2,3,0.0268784385243777,26,-23.57757204385869,-46.64547182179684
394-254,3,2,1,1,3,1,1,0,2,0,2,4,0.0248887669320153,20,-23.572938648065215,-46.70488231236122
6589-6590,3,8,3,7,4,3,4,0,6,5,6,3,0.0274860627831231,52,-23.549400550021105,-46.68016213338376
72842-122763,3,0,0,1,1,1,2,0,1,1,0,1,0.0197235024941737,11,-23.540592350000853,-46.42099305000097
125850-5425,10,11,3,7,7,2,2,3,3,13,4,8,0.0294757343754854,73,-23.54478409739053,-46.63519899796779
5740-129653,1,0,4,0,2,2,1,2,1,0,2,1,0.0216755985290571,16,-23.570968078308425,-46.63975415746093
123-114454,4,1,5,1,0,0,0,0,0,0,0,0,0.0102672926876353,11,-23.51581217539364,-46.726902211307
21799-3572,1,2,1,4,3,2,3,4,4,5,6,4,0.0294757343754854,39,-23.552489947061304,-46.65856111839396
5426-5454,2,1,2,3,1,2,0,0,1,2,0,0,0.0204539346724845,14,-23.54999176381528,-46.63696199052383
111609-111610,4,1,1,3,1,1,3,0,1,4,2,7,0.0274860627831231,28,-23.54159895365416,-46.57951029643636
813-814,1,2,1,0,1,0,0,0,3,1,0,1,0.0178053161087226,10,-23.6537456,-46.72103995
5432-5433,3,6,5,1,3,1,1,1,3,2,0,3,0.0268885197715062,29,-23.549473065242616,-46.63296902060273
8827-4214,2,0,2,2,1,0,0,1,0,1,1,1,0.020114838178162,11,-23.64736584013213,-46.63969425486493
5549-5548,2,11,4,2,7,3,0,3,2,1,1,2,0.0275282207256605,38,-23.545235028778183,-46.64371386591856
78553-78554,2,1,1,3,3,0,1,1,1,2,0,0,0.0218744740405921,15,-23.554816441862133,-46.46278595281636
50966-118981,3,2,1,1,0,0,2,1,0,0,0,1,0.016701877786657,11,-23.64043160728201,-46.6520972918882
113533-61580,3,3,1,0,1,0,1,1,1,1,1,2,0.0243297159548891,15,-23.60597345927583,-46.59383768681164
3458-3420,2,2,2,0,1,0,0,0,1,1,0,1,0.0178053161087226,10,-23.647693779765376,-46.74794748462057
5613-1918,4,7,5,3,10,0,7,5,3,5,2,6,0.0269590885014057,57,-23.544783482126505,-46.63067645472874
3439-3442,2,9,1,1,0,1,0,1,0,2,0,1,0.0198683058620195,18,-23.56813173078079,-46.69278798744192
71511-71488,6,4,7,4,3,3,2,2,0,3,4,1,0.0271524651508708,39,-23.61943773411689,-46.42329763546931
114749-65695,2,0,6,5,3,3,1,1,0,1,0,1,0.0219917830980875,23,-23.590617762546504,-46.79723949578057
5482-32302,4,4,3,4,1,5,0,1,0,2,2,2,0.0252049515010458,28,-23.54852092633108,-46.64256102223992
23175-5416,3,0,2,9,0,3,1,0,0,4,0,1,0.0172526804706781,23,-23.55235810247291,-46.63821415112969
1897-1900,2,3,1,3,5,1,1,1,0,0,1,0,0.0220577694429286,18,-23.549875425000074,-46.62676842500037
116144-3494,2,2,0,2,2,0,0,1,1,2,1,0,0.0199122967585802,13,-23.64584611626856,-46.7102806565532
5417-5418,8,5,9,6,5,7,3,2,8,6,5,6,0.0294757343754854,70,-23.55212621274457,-46.63550548468304
5308-111016,2,4,0,1,2,3,0,1,0,0,2,1,0.0200057774137719,16,-23.57059367500412,-46.64502497500827
99583-99584,3,1,1,0,0,1,0,1,1,3,0,2,0.0195622025401176,13,-23.49415895,-46.42173745
99057-99051,6,5,0,4,4,3,1,1,0,0,0,1,0.0193660764596176,25,-23.558293955265206,-46.66037461263858
99058-119772,7,4,3,2,1,4,2,1,3,2,0,0,0.0243911199146718,29,-23.55848185,-46.6599019
10258-78861,1,2,1,1,2,1,1,0,1,3,0,2,0.0248988481791438,15,-23.539585169191863,-46.45868266760618
73979-73977,2,1,0,0,0,0,1,1,0,2,2,2,0.0166551374590612,11,-23.443252432012848,-46.59360695218378
126426-6797,1,2,3,0,3,0,1,0,2,0,1,1,0.019742748511419,14,-23.5239966,-46.6847642
33503-7238,2,2,3,3,4,0,2,0,1,3,2,4,0.0249694169090434,26,-23.580211296985205,-46.50172291987957
5317-5307,4,2,6,2,2,3,1,0,7,4,4,6,0.0274860627831231,41,-23.57061007764365,-46.64406914284861
18627-18628,5,5,2,3,4,5,3,2,0,3,1,3,0.0271524651508708,36,-23.553732011550057,-46.65549543702732
102625-124397,2,4,3,3,1,4,2,1,1,4,8,5,0.0294757343754854,38,-23.50221488527329,-46.62495849282213
1989-32296,16,12,0,5,12,9,2,1,4,3,5,0,0.0243764562824849,69,-23.548047243292515,-46.638939513748326
23333-23476,1,1,1,1,3,3,3,2,0,0,0,2,0.0219679546957838,17,-23.540752010705354,-46.64480511675376
7499-7500,5,2,2,2,4,3,2,1,1,1,1,1,0.0294757343754854,25,-23.54340683689251,-46.72525344137016
22813-22815,2,1,1,2,1,3,1,0,0,1,1,2,0.0251627935585084,15,-23.50285195418354,-46.672500209380445
5564-5563,10,8,5,4,8,1,4,2,7,12,6,6,0.0294757343754854,73,-23.543639018454734,-46.64415041549756
86275-134191,1,0,2,3,0,0,1,0,0,3,1,0,0.0148258493437433,11,-23.51753303700699,-46.56783455970305
5487-6143,1,1,0,3,0,3,1,3,3,3,1,2,0.0241244251042723,21,-23.55254513982794,-46.62811342837071
92914-36689,2,3,3,1,1,3,1,1,0,0,1,1,0.024555169299763,17,-23.59465590134217,-46.44446932731778
33-7566,6,3,3,3,1,2,1,2,2,2,4,0,0.026978334518651,29,-23.52715707548142,-46.66584053100092
42593-126189,2,0,2,1,1,3,0,0,1,1,0,0,0.0178804672236805,11,-23.463267290876512,-46.66889863719976
6751-6042,9,0,1,7,8,3,1,0,1,2,5,4,0.0249125953343191,41,-23.531577226216456,-46.66405250760008
88942-41012,3,2,0,1,0,0,2,1,2,1,1,1,0.0216077792301926,14,-23.44482262320147,-46.705419467358695
5451-5452,5,3,1,5,3,0,0,1,0,0,2,1,0.0200910097758583,21,-23.54945525,-46.633819
81657-70699,2,3,7,4,2,4,3,5,6,4,3,7,0.0294757343754854,50,-23.52290882977864,-46.44291819396467
5582-5521,4,5,2,1,1,4,0,1,1,2,3,1,0.0275282207256605,25,-23.546286475001235,-46.64123560000131
2682-2683,2,0,1,0,3,0,1,0,1,0,1,1,0.017169281062615,10,-23.5036137,-46.56726575
120187-5834,6,5,1,7,4,5,1,1,2,1,0,1,0.0268885197715062,34,-23.540739749999997,-46.5766071
134801-1008,4,2,3,2,2,2,0,0,3,3,6,2,0.0255385491332981,29,-23.60155554691041,-46.59927497363495
64895-36689,6,0,3,5,3,4,0,2,2,3,0,2,0.0223675386728773,30,-23.59468225134217,-46.446023627317786
9889-32819,2,0,4,0,1,0,0,1,1,1,0,1,0.0172215202522809,11,-23.63252909763266,-46.64556420174618
113717-14128,1,0,0,0,2,2,1,2,0,0,2,0,0.0142530512114418,10,-23.583433378905163,-46.653220349637365
36446-36447,2,0,4,1,1,0,0,0,1,1,1,1,0.0204484358104144,12,-23.54116960830657,-46.43249683412243
38065-38064,2,3,2,0,3,0,0,2,0,0,2,1,0.0174616372293417,15,-23.75502176197437,-46.66724199047081
7449-140457,5,3,1,1,2,0,1,1,2,0,3,1,0.024361792650298,20,-23.529134401653444,-46.73896127629202
114729-114726,2,6,1,2,1,1,1,2,2,1,4,2,0.0294757343754854,25,-23.58398268757302,-46.76859661260136
5482-61905,1,1,3,1,2,5,0,0,1,0,1,0,0.020443853425356,15,-23.548539926331088,-46.64261844724002
107126-125910,3,0,1,4,3,3,0,0,0,0,0,0,0.012959902147958,14,-23.70179626855299,-46.79107108264651
5515-125893,4,3,1,1,5,1,1,3,0,3,0,0,0.0220678506900571,22,-23.547866941765008,-46.63708645395688
5524-5522,2,2,1,2,0,2,1,1,0,0,0,3,0.0192185236607367,14,-23.54419725,-46.639679400000006
72825-72826,5,4,1,4,0,2,3,5,4,3,1,8,0.0267263033404384,40,-23.54309780000064,-46.42074747500215
115432-115433,1,3,0,0,2,1,2,1,1,1,0,0,0.0191598691319891,12,-23.68414097350913,-46.63336720212203
28952-127912,2,2,0,0,1,1,3,0,1,1,0,0,0.0171701975396267,11,-23.49775649357162,-46.39671075101194
140295-5523,4,2,1,1,1,0,1,1,4,2,1,2,0.0269590885014057,20,-23.54294408000774,-46.64093425999645
5507-5626,3,1,3,2,0,1,0,0,1,1,2,0,0.0202917182414168,14,-23.54821276933832,-46.63317301056421
141335-5473,13,20,3,2,8,6,3,2,3,5,4,2,0.0294757343754854,71,-23.54613011711337,-46.638912664320365
31805-47780,1,3,0,0,1,0,2,1,2,0,2,1,0.0191305418676152,13,-23.767677351563226,-46.717034271795086
119354-9209,2,3,2,3,3,2,0,1,0,1,3,3,0.0252049515010458,23,-23.541565339336135,-46.6301818087866
119780-99803,2,0,1,1,1,4,2,0,2,1,1,1,0.0249125953343191,16,-23.56674437713228,-46.650038106552486
47712-52757,2,1,2,2,2,0,0,4,0,0,0,0,0.0150063953150447,13,-23.77373820396688,-46.721046136161405
33587-33589,2,0,0,1,1,0,3,1,0,2,0,0,0.0143758591310072,10,-23.577298400004075,-46.503559674996254
93300-103256,2,0,1,1,0,1,0,1,3,1,2,3,0.0222053222418095,15,-23.58394784423653,-46.40868541980921
41110-125922,3,5,0,2,0,0,1,1,1,1,2,1,0.0216077792301926,17,-23.441268363936143,-46.71702651065309
1340-110464,3,0,1,0,1,3,1,0,0,0,0,2,0.0147754431081007,11,-23.52364552552292,-46.605886021083
7845-7847,2,1,0,2,1,1,1,0,3,2,1,3,0.024884184546957,17,-23.561963005932174,-46.63817070211114
114619-860,2,0,2,0,3,0,4,0,3,0,4,1,0.017169281062615,19,-23.66440418561909,-46.70888036431236
128607-24581,3,2,1,2,0,0,0,0,0,0,2,1,0.0153519071484489,11,-23.51023913628063,-46.62483903445026
116246-116245,4,0,3,3,0,0,0,1,2,1,3,0,0.0171912765108953,17,-23.641770861118403,-46.42095300060275
125935-141335,1,4,0,0,1,1,2,0,2,2,2,0,0.0197574121436059,15,-23.54659925,-46.63923315
72862-72860,2,2,0,3,4,2,0,0,0,0,1,0,0.0155187059645751,14,-23.541979600940497,-46.41526033784779
8300-8294,3,2,0,1,0,2,0,3,1,2,0,0,0.0170922969936337,14,-23.5590181664623,-46.630756926166015
120018-97098,2,4,1,0,0,0,1,2,2,1,3,0,0.0190828850630077,16,-23.504595925000334,-46.39663280000255
34407-34994,4,1,0,1,3,0,1,1,2,0,0,1,0.0191726998101526,14,-23.576661385936504,-46.516960400162176
15131-15129,2,0,3,1,1,1,0,1,1,1,1,2,0.0249547532768565,14,-23.65306361189717,-46.70486926593999
3529-3530,3,2,2,3,2,5,1,1,1,1,5,3,0.0294757343754854,29,-23.623557524107213,-46.76332284516796
92296-64907,4,7,8,6,6,1,2,2,3,4,2,3,0.0294757343754854,48,-23.59707145920757,-46.43522881661738
5884-112739,2,1,1,1,2,0,1,1,2,2,2,2,0.0269590885014057,17,-23.552749475001537,-46.6261909749952
46998-47014,2,2,2,4,0,1,1,2,0,4,4,2,0.0244030341158237,24,-23.613212211814044,-46.49493643144376
5402-5403,6,9,6,5,3,4,5,9,5,10,8,6,0.0294757343754854,76,-23.51667215425181,-46.62504479718429
120158-5450,12,9,15,11,6,8,13,12,9,14,15,12,0.0294757343754854,136,-23.55050067379709,-46.63437497087382
5522-5523,2,3,1,0,0,5,1,1,3,1,2,0,0.0215995309370874,19,-23.543482630007738,-46.64056375999645
854-855,3,3,6,4,2,1,0,0,0,0,1,0,0.0181205842007413,20,-23.66562835006205,-46.70821592509789
5555-5558,1,8,2,2,3,1,1,0,2,3,2,3,0.0274860627831231,28,-23.54731488763753,-46.64597133125739
139101-1505,4,2,1,0,4,1,2,1,2,1,4,2,0.0268463618289688,24,-23.5275897,-46.5895877
136021-136022,2,2,1,1,1,0,1,1,0,0,1,0,0.0195411235688489,10,-23.5550421,-46.668688450000005
5513-5512,3,1,1,1,3,0,0,1,1,0,0,0,0.0173296645396594,11,-23.548734598868624,-46.63960115922582
31491-3573,1,1,0,1,2,0,1,1,2,0,1,1,0.0217599144141319,11,-23.57566358780187,-46.70721104525536
27765-27764,3,0,0,1,2,1,0,1,0,1,0,1,0.0174423912120964,10,-23.47969606777036,-46.67304116179929
81352-81345,3,4,2,4,2,1,1,1,1,2,0,1,0.0268885197715062,22,-23.52690341972356,-46.42412496958707
12679-5266,3,0,1,2,2,0,0,0,2,1,2,0,0.0179510359535801,13,-23.585932128636404,-46.67352722325722
30430-30432,4,4,0,0,2,1,2,0,2,1,5,3,0.0222548120004403,24,-23.73160217556903,-46.6976603801706
5530-5532,3,2,5,3,0,2,2,1,2,2,1,4,0.0267263033404384,27,-23.54210741214437,-46.63727549748084
134306-5293,6,2,1,3,2,7,0,1,0,1,0,1,0.0226177368970665,24,-23.558927725007777,-46.65939930001815
103751-103748,2,0,0,0,1,3,2,0,1,1,0,2,0.0170941299476571,12,-23.5813149483627,-46.46168463182548
70745-111263,2,2,1,3,1,1,0,0,0,0,0,0,0.015533369596762,10,-23.49108692378161,-46.441266428730856
4463-4464,4,3,1,2,2,3,2,2,5,4,6,3,0.0294757343754854,37,-23.58632350448411,-46.74854692068945
5436-5506,2,3,2,2,2,0,0,0,1,0,1,1,0.0204246074081107,14,-23.54949885561998,-46.6309452602286
36358-36359,3,1,3,0,1,1,1,1,2,0,3,1,0.0242490659778611,17,-23.5367866,-46.4515375
27151-4576,3,1,1,1,2,1,0,2,2,1,1,2,0.0275282207256605,17,-23.571199197523523,-46.70725812675739
3851-3850,1,2,0,0,1,0,1,3,1,1,3,1,0.0217278377187229,14,-23.661383949778664,-46.779055297224446
1954-1951,3,6,6,8,7,6,1,5,6,4,5,8,0.0294757343754854,65,-23.521404501502552,-46.6383260506015
27627-27628,6,2,1,2,1,0,0,2,1,0,0,2,0.0198270643964938,17,-23.49738148795917,-46.45411845202919
69082-69081,4,1,1,0,0,1,0,1,0,1,4,2,0.0198261479194821,15,-23.61871997547009,-46.46825105923041
41576-7549,4,9,10,10,8,1,2,2,2,0,2,2,0.0268784385243777,52,-23.555906025091364,-46.66683489930962
41045-41025,7,6,7,4,7,5,5,2,2,5,3,0,0.026978334518651,53,-23.460737757222184,-46.68374282307867
1941-1966,2,0,1,1,0,3,1,0,1,3,2,1,0.022163164299272,15,-23.528400881621003,-46.63138552024928
96656-96655,3,2,2,2,2,2,1,2,4,5,4,8,0.0294757343754854,37,-23.549046149999995,-46.39723485
28958-28921,2,4,1,2,2,0,1,1,0,1,4,0,0.0221384194199566,18,-23.486769003059003,-46.382140693561794
125895-102842,3,1,0,1,4,2,1,0,0,0,2,2,0.0199636194712345,16,-23.550710201894592,-46.648408432229175
112725-112724,4,1,3,2,2,1,1,0,0,0,3,1,0.0225654977074006,18,-23.552279899999995,-46.65312155
6590-6591,2,4,0,2,5,3,0,1,2,7,4,4,0.0249263424894944,34,-23.54950790889401,-46.6803555818165
58871-58873,2,2,1,0,1,1,2,1,1,1,2,1,0.0268463618289688,15,-23.697341150632557,-46.634277311165775
52062-52052,1,3,1,0,4,5,0,1,0,1,2,0,0.0200781790976947,18,-23.48607645888817,-46.50187968776018
14093-14102,2,3,3,1,3,0,0,1,1,2,2,4,0.0250115748515808,22,-23.54090871952361,-46.62782852591214
6468-102842,4,3,1,3,3,0,0,0,3,4,3,6,0.0230219032592184,30,-23.550992842270198,-46.647920435655664
9216-9218,1,1,3,1,0,0,0,0,0,1,1,2,0.0179492029995567,10,-23.54386992664628,-46.63257998538732
99061-111021,5,4,2,1,1,3,0,3,1,0,2,1,0.0249309248745528,23,-23.56549802500021,-46.65171882500046
21786-124594,4,6,0,4,3,7,1,4,2,2,2,0,0.0243764562824849,35,-23.55408930822351,-46.65382171281712
27152-31502,2,1,2,0,2,1,1,0,0,0,0,1,0.0173489105569048,10,-23.56933105513384,-46.70772020177664
66364-66369,1,0,0,0,0,1,0,0,1,2,3,2,0.0149843998667643,10,-23.6025816554737,-46.78419526582279
6453-6454,4,1,2,0,0,3,0,1,0,1,1,0,0.0173287480626477,13,-23.5611080965286,-46.64588720692464
51641-51107,2,2,1,3,3,5,2,1,1,3,3,5,0.0294757343754854,31,-23.66460802658343,-46.66031915619622
5329-5555,5,6,2,1,2,2,1,4,1,5,1,0,0.026978334518651,30,-23.54758177770195,-46.64763875430667
21797-6529,2,1,1,1,2,1,1,0,0,2,1,4,0.0251627935585084,16,-23.55590292569944,-46.65782739834518
11465-11466,2,1,2,0,1,3,2,1,0,3,1,1,0.0245230926043541,17,-23.612483155697948,-46.48141863379013
7202-7200,5,3,9,7,8,10,6,4,3,4,8,8,0.0294757343754854,75,-23.58710770395325,-46.48321137216188
19382-7440,1,7,0,1,1,0,2,0,1,0,0,0,0.0146856283609559,13,-23.56019279934952,-46.69579430305559
6530-21797,3,0,0,0,6,0,0,0,1,0,0,1,0.0100326745726446,11,-23.55520883375532,-46.65711938230946
93950-93948,3,0,4,1,2,3,4,6,2,2,5,3,0.0269022669266815,35,-23.58765942277253,-46.38158139983812
6534-130593,4,5,3,2,5,3,2,2,1,1,5,4,0.0294757343754854,37,-23.55176938273577,-46.65184883674458
37341-37377,2,1,1,3,3,3,2,1,0,2,3,3,0.0271524651508708,24,-23.742857185633216,-46.70151998020182
46104-21437,3,2,0,5,3,2,1,2,2,1,3,1,0.0268738561393192,25,-23.76091600959072,-46.66861438099917
13158-3488,2,1,1,2,1,2,0,0,2,0,2,1,0.0229412532821904,14,-23.64489513246151,-46.71819092419902
28340-28338,2,0,2,0,1,2,2,0,0,2,2,1,0.0199599535631877,14,-23.47073261525084,-46.6506601918481
74782-74822,1,1,3,3,0,1,0,1,0,0,1,1,0.019858224614891,12,-23.50124195000658,-46.38496797499307
118807-3646,2,2,0,0,0,0,0,1,2,3,1,4,0.017030893033851,15,-23.643433843402534,-46.700978953280426
23477-23267,4,3,2,0,1,1,1,1,2,2,2,3,0.0268463618289688,22,-23.54219155633522,-46.645072814966966
99868-7736,3,1,2,0,0,4,0,1,0,1,1,0,0.0173287480626477,13,-23.55715715299376,-46.66098036641762
4756-103422,1,0,0,1,0,0,3,2,0,0,3,0,0.0116163468488317,10,-23.630303154205755,-46.73639734671413
84294-28935,3,2,4,1,3,2,0,2,5,5,4,3,0.0275282207256605,34,-23.49508957184781,-46.42844028131469
5581-5481,2,12,0,2,9,3,3,1,4,4,3,2,0.0268738561393193,45,-23.547536137561263,-46.64061887993499
112724-6534,4,2,4,0,1,0,1,1,0,0,3,1,0.0194091508791666,17,-23.5520582272508,-46.6527120708156
3485-3486,3,1,3,2,1,3,1,2,3,0,1,0,0.0243810386675433,20,-23.639595363747105,-46.73722070844928
5923-5924,1,1,3,1,2,2,0,0,0,0,0,0,0.015533369596762,10,-23.54485437697813,-46.57442829989607
1977-100332,4,3,2,2,2,2,0,0,0,1,0,0,0.0181306654478698,16,-23.535681275000528,-46.6341843499971
100063-100132,1,1,1,0,0,5,1,2,0,4,2,2,0.0217736615693071,19,-23.686726708535204,-46.75578512853829
46987-46988,3,4,2,1,1,2,3,1,3,1,0,1,0.0268885197715062,22,-23.61144362148304,-46.50436978231288
88443-88442,2,3,0,1,2,0,1,0,1,0,0,0,0.0146856283609559,10,-23.46133262436326,-46.71174459091123
63698-3540,5,4,0,2,1,1,2,2,5,3,6,2,0.0268738561393192,33,-23.61294235276879,-46.75508719274819
4283-119951,4,2,0,2,0,0,2,2,2,3,4,2,0.0216077792301926,23,-23.73215362542944,-46.78499010213847
5615-117048,5,7,2,1,3,5,1,0,4,7,1,10,0.0274860627831231,46,-23.549887892421665,-46.64675858317054
33753-33754,4,4,2,0,0,2,1,1,3,0,2,3,0.0214996349428141,22,-23.600618199642177,-46.48419218773713
70-1178,2,1,1,1,0,1,1,1,0,2,0,0,0.0193184196550101,10,-23.51486784248032,-46.724360566561415
130593-6535,2,4,6,4,3,4,1,2,2,1,6,2,0.0294757343754854,37,-23.551319487872085,-46.650347191120645
31296-31068,2,0,3,1,4,2,0,0,1,1,1,0,0.0204676818276597,15,-23.7359027506562,-46.69941977237997
18601-57953,1,0,1,1,1,0,0,1,1,2,1,2,0.0224381074027767,11,-23.47722459868277,-46.61052760276473
46358-46256,12,4,9,9,17,11,9,7,11,5,11,5,0.0294757343754854,110,-23.6104898,-46.440442950000005
21491-21493,4,2,3,0,1,0,3,0,1,3,3,2,0.0223400443625268,22,-23.69289273196556,-46.65950070135004
5605-5606,1,0,0,1,0,3,3,0,2,6,0,1,0.0169740714591267,17,-23.548376319422005,-46.630590571630414
11310-11226,4,3,5,5,2,2,1,1,1,2,1,2,0.0294757343754854,29,-23.629482043398195,-46.46355932623823
146-5630,2,1,3,1,1,0,3,0,2,0,1,2,0.0223721210579357,16,-23.53347234994397,-46.63292006793756
31496-31497,2,0,1,0,0,2,1,0,0,1,1,2,0.0172105225281407,10,-23.572522594245196,-46.70808620369626
3494-9226,2,3,2,3,1,2,3,0,1,2,0,3,0.0248988481791438,22,-23.64562209917903,-46.71119554782456
99052-7736,1,1,1,2,0,4,0,0,0,1,1,0,0.017968449016802,11,-23.55750315299376,-46.66081431641762
32916-4228,2,1,0,1,1,0,0,0,4,0,1,3,0.0178227291719445,13,-23.636930708369512,-46.63985131482674
28750-28751,1,4,1,4,3,0,1,3,0,1,3,2,0.024635819276791,23,-23.55127265,-46.75777065
1989-5513,7,1,5,1,2,3,6,2,2,3,0,2,0.0268885197715062,34,-23.548589102680957,-46.63915467129955
124693-124692,4,0,2,1,1,2,0,2,0,0,1,0,0.0175367883442997,13,-23.549824878587675,-46.635505339053125
735-741,3,6,1,2,2,0,1,2,5,3,1,0,0.0244616886445713,26,-23.64468180602313,-46.72950805929068
5566-5564,6,2,5,5,6,4,1,1,0,3,4,3,0.0271524651508708,40,-23.54307002807797,-46.6436142344252
6532-6533,3,0,2,2,0,0,0,1,0,1,1,0,0.0148680072862806,10,-23.552840900010487,-46.65414427498826
832-827,1,0,0,0,1,2,0,0,1,4,0,2,0.0151466162978321,11,-23.656122405041625,-46.71850212002578
70283-35948,3,6,2,1,3,4,0,2,0,1,0,2,0.0226177368970665,24,-23.659619737237698,-46.77591665602982
18628-7725,2,5,3,3,5,1,0,2,2,0,0,0,0.0198463104137391,23,-23.55446770474333,-46.65555121231823
1462-1465,3,1,0,0,2,3,1,0,3,2,0,3,0.0196675973964611,18,-23.52560577196412,-46.5720779978594
71018-8059,6,5,5,6,3,2,2,3,1,2,3,4,0.0294757343754854,42,-23.553630080329533,-46.49180392914204
103617-103618,2,0,4,0,2,1,1,0,0,0,0,0,0.0122780432512664,10,-23.509774371109927,-46.72781989985416
77134-36580,1,0,3,2,2,0,0,0,0,0,1,3,0.0155278707346919,12,-23.530514076626798,-46.44451490266298
118923-118924,6,9,11,13,9,9,11,15,14,20,22,19,0.0294757343754854,158,-23.721436277126173,-46.78522795503928
97357-73810,3,2,2,0,3,2,1,1,2,1,1,0,0.0243489619721345,18,-23.511136162426936,-46.39735884091675
21244-113401,1,1,0,1,0,2,2,1,0,1,0,6,0.0192139412756783,15,-23.538028637990298,-46.62165427564631
51683-51544,1,0,0,0,1,1,2,2,0,1,1,1,0.0193477469193839,10,-23.67149085,-46.6635663
2714-2715,3,2,1,0,1,1,1,2,1,3,1,0,0.0243489619721345,16,-23.47296361266924,-46.56255962533311
72478-72479,2,2,1,0,1,0,1,2,3,0,0,3,0.0191452054998021,15,-23.526097209390603,-46.39799665160017
84162-7724,3,0,1,2,2,0,2,0,0,1,1,0,0.0175752803787903,12,-23.555340516831087,-46.65590311958752
15143-115781,2,3,5,5,3,1,0,3,3,2,2,4,0.0275282207256605,33,-23.651897829468915,-46.7078771023817
28679-124393,5,4,5,0,2,4,0,1,0,4,1,1,0.0225755789545291,27,-23.50164596238551,-46.624563761677
140738-36127,1,1,0,2,1,3,2,0,1,2,1,0,0.0223867846901226,14,-23.610215209881645,-46.5875491811363
8998-6143,2,1,2,2,2,0,0,1,0,1,1,0,0.0201909057701316,12,-23.551656358293208,-46.62772942354793
4170-4172,1,1,0,1,1,1,1,2,1,0,0,1,0.0216893456842323,10,-23.67421802500152,-46.642880000006016
112989-110213,1,1,1,1,2,4,0,0,0,1,0,0,0.0181306654478698,11,-23.53821266252602,-46.565077362489184
7416-21212,3,1,0,2,2,3,4,6,3,6,8,7,0.0268738561393192,45,-23.54223412018731,-46.61542929257591
7692-83100,3,1,0,0,2,1,1,2,0,1,0,1,0.0193339997642087,12,-23.50477656415135,-46.626360266817855
31671-433,2,1,0,2,0,1,0,3,2,0,1,0,0.0170822157465052,12,-23.560098554198948,-46.711190783704566
4114-4149,2,2,1,3,0,0,2,1,1,2,1,2,0.0242096574663587,17,-23.66645650911523,-46.656278860146784
84132-13272,6,0,2,3,2,0,0,0,0,0,0,0,0.0104432562738783,13,-23.593697375018515,-46.6850247749984
45528-45529,4,7,2,1,3,1,1,3,2,2,2,1,0.0294757343754854,29,-23.59738574303668,-46.69719569578656
112856-112855,1,4,2,1,3,2,1,4,3,2,6,2,0.0294757343754854,31,-23.54950722500071,-46.62999055000263
33-23355,2,0,0,3,1,1,3,2,0,0,0,1,0.0167926090108136,13,-23.529391536747617,-46.66163265447285
13464-124016,1,1,0,3,1,2,2,0,0,0,2,1,0.0199636194712345,13,-23.5742107388171,-46.69668010840704
5601-5428,1,2,3,0,0,0,0,1,0,2,1,2,0.0173095020454024,12,-23.54533622865199,-46.63359585860947
9552-56944,1,1,2,1,1,1,0,0,0,3,0,1,0.0206280653047042,11,-23.68077462828852,-46.65406216718942
5477-32014,4,4,1,6,2,5,5,4,3,3,4,3,0.0294757343754854,44,-23.54411601653778,-46.638303475410616
75807-7031,1,7,3,1,2,2,3,1,0,0,0,0,0.0194705548389493,20,-23.542683254293834,-46.469999049313245
68141-68176,1,0,0,4,1,0,2,5,1,2,1,2,0.0217837428164355,19,-23.491318179952223,-46.56927586830794
69114-71548,5,0,1,1,1,0,0,1,0,1,2,1,0.020114838178162,13,-23.62322112643701,-46.44689386610145
119772-134306,1,2,2,2,5,1,1,1,0,2,2,1,0.0271524651508708,20,-23.558691250000003,-46.65966585
125852-5482,4,9,3,3,3,5,3,6,3,3,2,3,0.0294757343754854,47,-23.54759280133156,-46.64277804724524
21785-84162,1,3,1,4,1,1,0,0,0,0,1,0,0.0181205842007413,12,-23.555878729096666,-46.65633150452344
124673-32015,3,1,1,2,1,1,0,0,0,1,3,0,0.020717880051849,13,-23.543934960168457,-46.63383044348867
59277-59263,1,1,0,0,2,1,1,2,0,0,0,4,0.0167367039131009,12,-23.699869668247707,-46.64652334944755
2581-305,3,3,5,6,3,4,4,2,3,3,2,1,0.0294757343754854,39,-23.507160500000005,-46.5472046
6143-8991,2,1,1,1,2,2,0,2,4,3,0,1,0.0249410061216813,19,-23.553372633270627,-46.627525927154345
117093-5295,1,0,2,2,7,3,2,2,4,3,4,3,0.0269022669266815,33,-23.561909611242687,-46.6560158037218
3826-104652,2,5,3,5,4,3,1,2,4,3,5,4,0.0294757343754854,41,-23.66053376813995,-46.76776238994901
37058-37059,7,5,3,4,5,5,2,2,2,3,2,4,0.0294757343754854,44,-23.73517204333508,-46.69533595656738
20684-20630,1,0,0,0,1,1,0,3,1,3,0,2,0.0171362878901945,12,-23.538463878794303,-46.57631396493916
101366-2703,2,0,1,2,0,0,0,1,2,1,0,1,0.0171014617637505,10,-23.51004865741117,-46.550556490426416
95607-95630,1,0,1,0,2,1,0,1,0,1,2,1,0.0200021115057251,10,-23.559763036721588,-46.39904589264445
5418-5419,3,3,0,4,0,4,4,1,0,4,3,4,0.0218011558796575,30,-23.551644878757557,-46.63513511006547
17967-17968,2,10,6,3,6,4,1,0,0,0,0,0,0.017480883246587,32,-23.583831009349275,-46.63679806352671
128996-48340,3,1,0,0,1,1,1,1,0,0,1,1,0.0193239185170802,10,-23.59591634339239,-46.52023005573983
5563-5549,6,10,2,2,2,4,0,3,1,4,3,2,0.0275282207256605,39,-23.5445148052506,-46.64389672243431
33709-33725,2,0,1,2,1,0,0,1,1,1,1,1,0.0224381074027767,11,-23.58707459427133,-46.51586304217514
15264-15213,6,1,4,5,4,1,3,3,3,3,3,1,0.0294757343754854,37,-23.655106900057504,-46.71584747282249
114958-27914,1,1,0,2,1,2,1,0,1,2,1,0,0.0223867846901226,12,-23.499915201881915,-46.6244296890453
33407-33403,4,2,0,0,0,3,1,1,0,0,1,0,0.0140770876251988,12,-23.57927547147816,-46.481813391632016
111024-99055,1,1,2,0,4,2,0,0,2,0,0,0,0.0152272662748602,12,-23.56474575706484,-46.65254002782176
5523-112744,3,21,4,2,9,7,3,5,8,14,7,3,0.0294757343754854,86,-23.54326918000774,-46.64136085999645
115823-115818,1,2,2,1,2,0,0,1,1,3,1,1,0.0250115748515808,15,-23.457353825,-46.69087570000002
7214-7233,2,0,0,1,0,2,1,0,0,2,1,1,0.0172380168384912,10,-23.584142239339737,-46.49198541372149
102842-23479,2,1,1,2,0,1,0,1,1,1,2,2,0.0247787896906135,14,-23.549877835026766,-46.64826447566557
5525-5526,4,3,0,0,1,1,1,1,0,2,0,2,0.0193339997642087,15,-23.543200773950545,-46.63865013351795
42008-7817,1,1,3,2,1,1,0,1,0,1,2,1,0.0252049515010458,14,-23.511964988550297,-46.62491397315076
64857-7188,3,2,5,0,1,0,1,1,0,2,1,2,0.0220064467302744,18,-23.611279096484303,-46.475111198117176
5424-5436,1,4,1,1,4,1,2,1,1,3,4,3,0.0294757343754854,26,-23.55008213798648,-46.63127356882599
13792-3665,3,1,1,2,5,2,2,1,0,1,1,1,0.0271524651508708,20,-23.579435969224903,-46.661665926304806
97496-97517,4,2,2,3,2,2,2,1,1,3,2,1,0.0294757343754854,25,-23.51492859465316,-46.38052653091382
5615-102842,4,2,3,0,2,1,1,1,1,1,2,1,0.0268463618289688,19,-23.550785294316256,-46.64741306539972
6536-5328,1,1,1,4,1,2,1,0,2,1,0,4,0.0248988481791438,18,-23.547789287179903,-46.64880924394909
5681-5629,1,2,1,2,3,7,2,3,3,1,0,1,0.0268885197715062,26,-23.535476436360657,-46.64100157670792
129737-129738,1,1,0,2,1,0,0,0,2,1,2,0,0.0179226251662179,10,-23.64480517500429,-46.71996792500045
7818-124407,1,3,1,1,1,0,1,1,1,1,1,0,0.0244616886445713,12,-23.5075129616082,-46.62485752874001
2777-2782,1,1,0,0,2,2,2,0,3,2,2,2,0.0222548120004403,17,-23.432484300001587,-46.569079300011616
4578-4576,3,1,3,4,2,1,0,1,1,1,2,1,0.0275282207256605,20,-23.57125402390301,-46.70849520921118
18532-5615,3,3,1,0,1,0,1,0,0,1,0,0,0.0149321606770984,10,-23.5523885262727,-46.647966874064224
66046-114753,2,2,3,5,1,0,2,3,0,3,1,2,0.024635819276791,24,-23.585466950000004,-46.7884755
75577-75580,1,2,0,1,0,3,0,0,1,0,0,2,0.015002729406998,10,-23.658004480787845,-46.78164779856037
5595-1984,4,0,0,0,0,0,3,1,2,0,1,0,0.0113102435269298,11,-23.54271228902276,-46.63534125731201
6898-125940,4,2,1,1,0,0,0,0,1,1,0,0,0.0151878577633578,10,-23.5516843,-46.6486503
111023-99053,2,3,2,1,1,2,0,1,0,1,1,0,0.0227075516442114,14,-23.568781676302216,-46.6475826033828
72842-72851,1,0,1,1,1,0,0,1,2,3,2,2,0.0224381074027767,14,-23.54021830000096,-46.42112015000112
3511-3570,1,2,0,1,2,0,1,0,1,2,0,0,0.0172829242120636,10,-23.55545221198879,-46.66558770179262
6820-6821,1,1,0,2,0,3,1,0,2,1,1,0,0.0196373536550755,12,-23.53360871155269,-46.656022303990014
23497-6451,1,0,1,0,2,0,1,1,3,1,1,0,0.0192588486492508,11,-23.555484386511424,-46.64618626633375
5574-5568,2,0,2,2,1,0,0,0,0,1,0,3,0.0155379519818204,11,-23.544277800800923,-46.64658779906279
1934-1933,5,0,3,3,1,1,3,3,5,4,5,4,0.0269022669266815,37,-23.53177673956525,-46.625902195767495
114665-1973,3,2,4,2,0,1,0,1,3,1,1,1,0.0247787896906135,19,-23.53488833826732,-46.63453758530887
52573-52457,1,4,1,2,0,2,0,2,1,0,0,1,0.0195942792355265,14,-23.49972735,-46.46877465
45970-37780,2,2,2,1,0,1,1,0,2,0,0,0,0.0170547214361547,11,-23.75504129605729,-46.6773971796442
18431-18432,2,1,0,2,0,0,2,2,2,3,1,0,0.0191103793733582,15,-23.51908869757048,-46.7029663353601
72873-95251,3,2,0,0,1,0,0,0,1,0,3,2,0.0151933566254279,12,-23.54523446985125,-46.4110460822189
112725-6533,2,1,1,2,0,1,0,0,1,1,1,1,0.0227891180982511,11,-23.552559,-46.65363715
102489-88046,1,0,4,2,1,1,1,0,0,1,2,0,0.02009192625287,13,-23.461169743021788,-46.69401457703757
1985-1986,2,2,0,1,1,2,0,2,0,3,1,1,0.0226030732648796,15,-23.545386150026783,-46.63697573325323
3486-126707,1,2,0,3,1,1,0,3,3,0,0,1,0.0197418320344073,15,-23.638652413747103,-46.73687490844928
6531-18628,1,2,0,0,1,2,0,1,0,1,1,1,0.019973700718363,10,-23.554301444706333,-46.65607785505071
4878-86790,1,3,1,0,1,0,0,0,1,2,1,0,0.0178951308558674,10,-23.613547862387943,-46.71413998578628
61907-7610,2,6,1,1,2,0,0,0,0,1,1,0,0.0182012341777693,14,-23.542621701110185,-46.641685719815854
21788-21789,2,2,4,1,2,4,2,1,2,1,1,1,0.0294757343754854,23,-23.5529417,-46.65167935
36127-113712,3,0,2,1,1,3,0,0,0,2,4,4,0.0206418124598794,20,-23.61025603487832,-46.58767808113448
5418-5421,1,2,1,4,3,1,2,1,0,2,2,0,0.0246550652940364,19,-23.552106398875345,-46.63433514412407
5438-5439,1,3,1,2,1,2,1,2,1,2,0,0,0.0243911199146718,16,-23.554973240096565,-46.63575541203538
41985-5629,1,0,0,0,1,2,2,2,1,0,1,0,0.0165763204360566,10,-23.534666501105885,-46.64089475342448
63469-63468,1,0,1,2,2,0,1,1,2,2,1,1,0.0243856210526017,14,-23.577238721472877,-46.77943181878123
6225-6226,1,1,1,1,2,1,1,2,0,2,1,0,0.0246550652940364,13,-23.53400965,-46.54418395
38209-38269,1,1,0,3,1,2,1,0,0,0,0,1,0.0173764048672552,10,-23.456586882712617,-46.75613616242601
32015-125850,3,2,1,2,1,1,1,0,2,0,0,1,0.0223015523280361,14,-23.54434276016845,-46.63450594348867
5552-5550,1,2,1,0,2,2,2,1,4,5,2,1,0.0268463618289688,23,-23.544156355999824,-46.64254089355582
37645-37630,2,1,3,0,4,1,0,1,0,1,0,1,0.0199883643505499,14,-23.74660061925291,-46.687991494982114
35902-35905,1,2,0,2,1,2,1,1,0,0,0,2,0.0193660764596176,12,-23.54179545,-46.48408455
476-474,1,1,2,1,2,1,1,3,2,2,0,0,0.0243911199146718,16,-23.54899352503918,-46.732215800071714
83101-28684,2,2,2,1,1,2,1,1,2,0,3,2,0.0268784385243777,19,-23.50578602172324,-46.62484770623439
136863-28928,4,1,0,0,2,1,0,0,4,3,2,1,0.0203072983506153,18,-23.496675349153392,-46.393301746643296
6816-5565,9,20,7,7,13,12,9,6,7,8,12,9,0.0294757343754854,119,-23.54225945203951,-46.642749862110136
113402-20814,1,0,1,0,0,1,0,0,0,1,2,4,0.0152630088783158,10,-23.541668817005345,-46.61751414113313
3352-3353,2,3,1,5,2,5,5,4,1,2,2,2,0.0294757343754854,34,-23.6443891,-46.58465355
36015-118815,1,1,0,0,0,0,0,2,4,0,0,2,0.011846382578764,10,-23.6945096003218,-46.77973571146711
105926-4275,1,0,1,1,1,1,0,0,2,1,1,1,0.0229650816844941,10,-23.675750049186547,-46.74945780446839
73768-140173,1,3,2,3,1,2,0,0,3,1,1,3,0.0255385491332981,20,-23.49741163538622,-46.40076065292792
1989-18533,6,8,2,2,4,12,0,6,2,9,6,2,0.0275282207256605,59,-23.549404186143992,-46.638955984051286
10614-10615,4,4,4,2,0,2,1,0,0,0,0,1,0.0172288520683744,18,-23.517643999865165,-46.70327709326135
4087-4086,1,2,3,2,5,2,0,1,0,2,5,2,0.0252049515010458,25,-23.618569113595136,-46.760612085637455
21269-22565,1,0,1,1,1,0,1,3,2,0,2,1,0.021788325201494,13,-23.532346700451853,-46.61443487966268
134774-134025,2,1,0,2,0,2,2,1,2,6,0,2,0.021537210500293,20,-23.41722785,-46.5799193
115049-124695,1,0,2,1,0,0,1,1,1,0,2,2,0.019038894166447,11,-23.547265477737717,-46.63119393519371
13389-8680,4,12,3,1,5,10,4,0,0,0,0,0,0.017480883246587,39,-23.5961905323594,-46.679841148649615
38580-38692,1,1,2,0,1,2,0,0,2,0,1,0,0.0178144808788393,10,-23.7369982839154,-46.66577638360853
140109-3540,1,3,1,3,0,3,2,0,1,3,5,3,0.024736631748076,25,-23.612338502768797,-46.7540232427482
998-62523,1,5,2,2,2,5,0,0,1,1,1,3,0.0255385491332981,23,-23.61229311612447,-46.60798302086158
5295-5297,2,2,1,1,2,3,2,1,0,2,3,0,0.0246550652940364,19,-23.561788290371112,-46.65563393121748
99051-115469,3,1,0,2,1,2,4,0,1,0,2,0,0.0197894888390148,16,-23.55776178148929,-46.6598115315511
118761-118762,4,1,1,0,1,4,2,0,0,0,0,2,0.0173489105569048,15,-23.68580287501816,-46.801293799978126
4524-4551,2,0,1,0,1,0,0,0,2,4,1,1,0.0178190632638978,12,-23.57486725824623,-46.71184576904666
137114-137115,2,4,1,0,0,2,0,0,1,0,2,1,0.0175624497006267,13,-23.75635235,-46.6688983
5481-125935,1,4,1,0,4,1,1,1,0,1,1,0,0.0220256927475197,15,-23.547077937552583,-46.63957504993627
5527-5528,3,3,1,2,6,1,2,1,1,3,6,2,0.0294757343754854,31,-23.542500850786777,-46.64000519153009
21280-61425,1,1,1,3,4,2,1,1,4,3,2,2,0.0294757343754854,25,-23.6029321812089,-46.59758746348278
10249-10250,1,2,2,1,1,8,4,3,3,1,5,4,0.0294757343754854,35,-23.539199207366167,-46.46995532586676
33147-9435,1,0,4,0,1,1,2,0,2,2,3,1,0.0222832227878025,17,-23.584799730180173,-46.58067770168528
722-738,3,5,5,4,1,0,3,4,3,5,2,3,0.0269590885014057,38,-23.64487697883416,-46.72779491678424
60755-4285,1,5,7,1,4,2,0,0,2,2,4,3,0.0255385491332981,31,-23.73908454966568,-46.79236770002108
5528-140295,1,2,1,1,2,0,0,2,0,1,2,1,0.022688305626966,13,-23.54257460078677,-46.6405704415301
38015-38053,1,1,1,2,0,2,1,1,2,2,2,1,0.0267263033404384,16,-23.75302408621365,-46.67306225603755
44093-44091,1,2,0,0,1,1,5,0,1,1,0,0,0.0171701975396267,12,-23.59932285,-46.71142125
49686-49695,1,2,1,3,1,1,0,0,1,1,2,0,0.0230411492764637,13,-23.59422510138155,-46.522316517473655
1943-1944,3,3,6,2,3,1,1,1,0,0,2,3,0.024555169299763,25,-23.52435820111588,-46.63032126189634
28266-124252,4,0,2,4,1,2,0,0,1,1,0,2,0.0203778670805149,17,-23.45823340649654,-46.71905018930249
2147-2145,3,3,1,3,1,5,3,3,0,2,1,2,0.0271524651508708,27,-23.4545766500225,-46.78606863349358
1298-5406,3,0,1,0,2,2,0,0,3,0,0,1,0.0151511986828905,12,-23.520267134785797,-46.62609794195117
4302-119070,1,0,0,1,3,0,1,2,2,1,1,1,0.0217837428164355,13,-23.68230836313147,-46.767429847781344
118492-118491,1,2,2,2,1,0,0,0,1,2,0,1,0.0204346886552392,12,-23.664602828585178,-46.7266617643737
64796-63854,1,1,0,5,2,1,1,0,1,1,0,0,0.0197995700861433,13,-23.590258195656983,-46.75377078000605
116019-23350,1,1,3,2,1,1,1,1,0,3,3,1,0.0271524651508708,18,-23.54179000930948,-46.64655711614963
99098-22456,2,7,0,0,0,0,0,0,2,1,3,0,0.0125438215846542,15,-23.54721476781301,-46.64848691718579
21794-7729,2,1,2,2,1,1,0,0,0,2,0,0,0.0181306654478698,11,-23.55571650020752,-46.65548045681115
92327-92341,1,1,1,3,0,0,0,0,1,0,1,2,0.0176751763730637,10,-23.601019646301644,-46.438006083612976
73213-73212,1,0,2,0,1,1,1,0,1,0,1,3,0.0196859269366947,11,-23.49347358870937,-46.42060994250152
5567-5568,2,3,2,0,1,1,1,1,0,2,1,2,0.0245230926043541,16,-23.54385312750769,-46.64602658081414
4133-9727,3,1,1,2,1,1,1,2,0,1,0,0,0.0220678506900571,13,-23.66766177874005,-46.65285518879509
137120-44560,2,0,2,1,4,1,0,0,2,0,1,1,0.0203677858333864,14,-23.40596709839348,-46.73517678841685
5981-134810,1,0,1,2,1,0,3,1,1,4,1,0,0.0218882211957673,15,-23.552294092898784,-46.61894680002285
36052-106703,1,2,2,2,0,1,1,1,1,1,2,1,0.0267263033404384,15,-23.689367643852613,-46.77344154345532
135858-21883,1,1,1,2,2,0,0,1,1,1,1,2,0.0250115748515808,13,-23.54974669228412,-46.61418709295623
115442-4151,3,0,2,1,0,0,3,1,0,2,1,0,0.0168155209361056,13,-23.67056566252952,-46.64749883756561
75836-75837,3,2,2,2,1,4,3,0,3,0,1,1,0.0248887669320153,22,-23.547163241451106,-46.47300239932898
5629-47977,3,1,1,1,0,2,0,0,2,0,2,3,0.0201918222471433,15,-23.53501990111861,-46.63988967843647
8991-8992,2,1,0,1,2,0,1,5,1,1,1,4,0.0243572102652396,19,-23.554433475155207,-46.628334620167095
19393-19504,1,0,2,0,2,1,1,0,1,1,1,1,0.0222832227878025,11,-23.583853009921583,-46.61158973217897
72618-73629,2,4,1,0,3,1,0,1,1,2,1,2,0.0248988481791438,18,-23.50917583475156,-46.41142423444583
97471-97453,2,2,0,0,2,1,1,0,1,1,0,2,0.0196675973964611,12,-23.513466187120564,-46.376488667608825
7731-39850,1,1,1,2,2,2,0,1,1,0,1,0,0.0224335250177184,12,-23.55901236633724,-46.65574002742344
52013-7690,1,1,2,5,1,0,1,2,0,1,0,1,0.0220486046728118,15,-23.517154595981797,-46.61649476618064
28260-136683,2,6,0,2,3,1,1,2,3,4,0,2,0.02428664153534,26,-23.446816873895884,-46.72208763954434
5452-5625,3,2,4,3,3,4,4,0,2,1,0,1,0.0248988481791438,27,-23.549852275005797,-46.63403715000326
8680-5279,2,8,1,4,1,3,0,0,0,0,0,0,0.015533369596762,19,-23.59700093286156,-46.679656231528206
1153-116,4,6,8,3,3,1,7,2,6,1,4,1,0.0294757343754854,46,-23.520115080768456,-46.745308827470495
53175-27632,1,2,0,3,2,1,0,1,0,0,0,0,0.0149211629529582,10,-23.498962621663345,-46.4668091385898
10147-9998,1,0,1,0,3,1,1,2,1,1,2,2,0.0242728943801648,15,-23.55790824889197,-46.747060340128414
64900-64912,1,0,0,0,0,1,1,0,3,0,2,2,0.0143346176654815,10,-23.595141844190422,-46.43220451138831
118924-118925,1,2,1,1,0,1,1,0,1,0,0,2,0.0195521212929891,10,-23.720477201587407,-46.78522648955613
5549-61889,4,6,3,2,0,3,0,0,1,1,0,0,0.0177045036374375,20,-23.54558171487402,-46.64319624136412
114781-5699,1,0,2,0,2,1,1,0,1,2,2,1,0.0222832227878025,13,-23.598622801656266,-46.58041346258996
36130-36131,3,0,1,3,5,2,0,0,2,1,3,3,0.0229650816844941,23,-23.6080336,-46.5918015
41030-88804,2,1,3,0,2,0,1,2,1,2,1,0,0.0218323160980547,15,-23.455309613275386,-46.69427013621562
7611-7612,1,0,2,4,1,0,1,0,0,0,0,1,0.0148881697805377,10,-23.523000368654728,-46.61085976676169
1949-111200,1,0,1,1,0,1,0,2,0,2,2,0,0.0173846531603603,10,-23.52131342883764,-46.63493766346956
10698-7188,2,0,1,1,2,0,1,1,0,1,1,0,0.0195649519711526,10,-23.613567696484303,-46.47592739811718
130593-6534,2,3,2,3,1,3,1,2,0,0,2,1,0.024555169299763,20,-23.55176938273577,-46.65184883674458
41062-41061,1,6,2,4,0,0,3,1,1,1,0,4,0.0216224428623795,23,-23.45891074117408,-46.686923271255054
57239-21505,3,1,1,0,1,2,0,0,1,1,0,0,0.0178245621259679,10,-23.69008468859597,-46.65605595966535
19102-1808,1,0,1,0,4,2,1,1,4,2,1,1,0.0242728943801648,18,-23.588160373392988,-46.59816555325129
1010-134628,2,0,1,0,0,0,0,1,2,1,0,3,0.0144720892172339,10,-23.598840147830984,-46.59740102226381
5515-124677,4,4,2,3,4,1,2,3,3,3,1,2,0.0294757343754854,32,-23.54707609176501,-46.63734780395687
28261-28262,1,3,1,4,1,3,0,0,0,2,3,1,0.0232152799086834,19,-23.451537174947656,-46.71977983509647
5617-5558,3,3,1,0,3,3,2,0,1,0,0,0,0.0171747799246851,16,-23.54808855993558,-46.64536117695072
81451-6960,4,2,2,4,0,3,0,0,1,1,0,0,0.0177045036374375,17,-23.524446523953397,-46.66859986763755
735-118628,4,1,1,0,6,0,0,0,2,1,0,1,0.0178053161087226,16,-23.645116989372383,-46.729525442671815
18530-23497,1,1,0,2,2,1,1,0,2,2,0,0,0.0197995700861433,12,-23.55428149001237,-46.64679748255382
5270-13099,1,0,0,1,1,4,1,1,1,0,1,0,0.0192056929825732,11,-23.58441315751157,-46.670097815253314
5537-116018,1,6,2,1,1,0,0,2,2,3,4,1,0.0250115748515808,23,-23.54163785501557,-46.63862408356799
32391-2038,1,0,0,1,2,2,0,1,0,2,1,1,0.0200296058160756,11,-23.513961090732646,-46.72660006813953
74237-4576,2,1,2,2,1,1,0,0,1,0,1,2,0.0229412532821904,13,-23.571715771151297,-46.70686543040514
67534-86239,2,1,3,2,2,2,1,0,0,2,2,0,0.022665393701674,17,-23.65487958580362,-46.6029443810021
47028-46981,2,2,2,1,0,2,0,0,3,0,1,0,0.017694422390309,13,-23.60481363706813,-46.509348908604245
6499-6500,1,0,2,1,4,0,0,2,1,2,1,2,0.0224381074027767,16,-23.55843166082706,-46.65352675696951
4203-120183,1,0,1,1,0,0,1,0,0,1,4,4,0.0173232492005776,13,-23.668615084871856,-46.6358829616272
6042-20830,2,2,1,2,0,2,0,1,1,0,2,1,0.0221814938395057,14,-23.53246342537434,-46.66356246214289
18629-18630,1,4,1,2,1,2,0,0,2,1,1,3,0.0255385491332981,18,-23.550308357852632,-46.65349642185868
3442-115007,2,12,1,2,3,1,2,1,0,2,0,1,0.0245652505468915,27,-23.5669502781715,-46.69318867902689
73999-73998,2,1,2,0,3,0,1,0,2,2,1,0,0.0198426445056924,14,-23.442764953220017,-46.591725072380704
127170-41027,1,5,1,1,0,0,3,2,2,3,2,2,0.0242096574663587,22,-23.440464224236717,-46.70795663765959
7726-6897,2,0,3,3,1,0,0,1,2,0,1,2,0.0198408115516691,15,-23.552097415555323,-46.64987850617449
7197-140512,1,2,0,1,1,1,1,2,0,0,0,1,0.0193660764596176,10,-23.59872895152988,-46.46510671114481
71530-71555,3,2,1,1,0,0,0,1,2,1,0,2,0.0196749292125545,13,-23.62949889932375,-46.44638264523167
5443-5444,1,1,1,2,3,1,1,1,1,1,3,0,0.026978334518651,16,-23.55845600738073,-46.6388300298341
25237-113258,1,4,2,0,0,0,0,1,0,0,1,2,0.0147122061942946,11,-23.564882369290785,-46.69468395758599
72726-72695,2,1,0,0,0,1,2,2,0,2,0,0,0.0140871688723273,10,-23.502560542113777,-46.42816780142439
5454-5453,1,0,0,3,2,3,0,0,1,2,1,0,0.0178658035914936,13,-23.55030261117895,-46.63737972545712
118918-107768,1,1,0,0,0,1,1,2,1,2,0,3,0.0189078379537764,12,-23.712708731675477,-46.78188065804333
27779-27778,1,1,0,1,2,1,0,3,1,2,0,1,0.0223391278855151,13,-23.47606422659128,-46.66358466517961
1979-1980,1,1,5,4,2,2,1,1,1,0,2,2,0.0268784385243777,22,-23.538409550006623,-46.633857374951134
133164-26727,2,0,0,1,3,1,0,1,1,1,0,0,0.0172682605798767,10,-23.52308918633973,-46.68787304830024
66377-141,2,3,0,0,1,3,2,0,1,3,1,7,0.0222548120004403,23,-23.515207199999995,-46.6424775
23553-39839,2,0,6,4,0,1,1,1,0,0,1,1,0.019232270815912,17,-23.55887069928172,-46.64629224957415
95631-72992,1,0,0,0,2,1,2,0,2,2,1,1,0.0196813445516363,12,-23.560438305249843,-46.4083718058188
8267-91417,2,1,1,2,1,0,2,1,2,1,2,1,0.0269590885014057,16,-23.55578712633438,-46.629076022217184
5403-24295,2,2,1,0,0,0,0,0,3,2,0,0,0.0125584852168412,10,-23.51571152934627,-46.62500282749477
53502-53405,1,2,2,3,2,2,1,2,0,1,2,0,0.0246550652940364,18,-23.50480060035079,-46.507083887050015
6917-6137,2,0,0,2,1,3,0,1,1,0,0,2,0.0171683645856033,12,-23.545934656209205,-46.62653487553213
72556-103448,1,2,1,2,0,0,0,3,0,0,0,2,0.0147543641368321,11,-23.564358594137488,-46.41487387073046
461-459,1,0,0,1,2,2,1,1,2,0,2,0,0.0192056929825732,12,-23.550581752882323,-46.72524723444438
21589-3104,1,2,8,2,2,6,1,1,0,0,0,0,0.0194705548389493,23,-23.6738812041982,-46.67787118543954
9353-139950,3,0,1,0,1,1,1,1,1,1,4,1,0.0242728943801648,15,-23.521714157016667,-46.66773157869194
7413-7412,1,0,2,1,1,0,1,1,4,1,4,1,0.0243856210526017,17,-23.5399333611459,-46.611122975417445
23267-5564,2,3,2,1,2,2,2,0,2,4,6,0,0.0249886629262887,26,-23.54295739696191,-46.64415324326913
23479-5328,1,1,1,1,1,1,0,0,1,1,2,2,0.0255385491332982,12,-23.548549720312074,-46.64883818738548
59743-60047,2,0,1,0,0,1,1,2,1,3,0,1,0.0189362487411386,12,-23.71183220919806,-46.618035400389736
18628-6531,2,1,1,2,3,0,2,0,0,0,1,0,0.0175514519764865,12,-23.554301444706333,-46.65607785505071
124622-124224,2,2,0,0,0,2,2,0,1,2,0,0,0.0144207665045797,11,-23.522021764225222,-46.62920291907045
226-1010,1,0,2,3,1,2,1,1,2,2,5,2,0.0269022669266815,22,-23.598871989314237,-46.59713420796443
69315-69319,1,0,1,0,1,2,1,2,1,3,1,0,0.0217754945233305,13,-23.56441803147816,-46.41612983776936
8269-21939,1,1,1,1,4,0,1,0,0,1,1,0,0.0201487478275943,11,-23.54644881280764,-46.62276489932172
61886-61887,2,0,1,3,2,2,0,0,0,2,1,0,0.018144412603045,13,-23.551048700004426,-46.64560389999675
5560-5518,3,1,2,0,0,5,2,1,1,3,2,2,0.0240969307939218,22,-23.54784098337069,-46.64077167223903
61406-61410,1,1,0,0,0,1,2,2,0,1,0,2,0.0165845687291617,10,-23.60812193603939,-46.59715146159512
58536-4121,2,1,1,1,1,2,3,1,1,0,0,0,0.0217938240635641,13,-23.681501723792096,-46.63842568530499
5419-5454,2,0,0,1,1,1,1,2,0,1,1,0,0.0194797196090662,10,-23.550943614354708,-46.63608155290864
7031-117105,4,1,2,0,3,1,1,0,1,1,1,0,0.0223592903797721,15,-23.543115458874567,-46.47170668830213
8066-114466,2,2,1,5,1,2,1,1,2,1,3,2,0.0294757343754854,23,-23.554712501706582,-46.48323455504199
21491-21671,1,2,1,0,1,0,1,0,0,1,2,1,0.020016775137912,10,-23.693240318612368,-46.66031281635264
19203-134802,1,0,2,1,0,0,0,0,0,1,4,2,0.0153757355507527,11,-23.595895943490824,-46.59743246992149
69289-136437,1,0,0,1,2,1,0,2,1,1,0,2,0.0197656604367111,11,-23.555205789743443,-46.41273018072874
21486-21485,1,1,1,2,1,0,1,2,3,3,1,0,0.0244616886445713,16,-23.69409540000276,-46.6658378999878
23273-23272,1,4,0,0,0,0,1,0,4,3,1,1,0.0169887350913136,15,-23.538134398613074,-46.63739917707005
119302-29055,1,1,0,0,1,2,1,1,4,0,1,1,0.0216471877416949,13,-23.67508168865059,-46.71380021630392
80780-3528,1,1,4,4,1,0,0,3,3,2,2,0,0.0225141749947463,21,-23.62185249113748,-46.758338315710816
36480-77323,1,0,0,0,2,3,1,0,2,0,0,2,0.0144968340965493,11,-23.55210425029022,-46.44271524212757
4231-4239,1,4,0,0,1,0,2,0,3,0,0,0,0.0120562558144393,11,-23.640396899580335,-46.64141966550834
3720-3721,1,1,3,1,6,2,1,1,1,2,1,2,0.0294757343754854,22,-23.42447255,-46.75090215
135687-7188,1,1,2,3,4,1,2,1,1,1,2,1,0.0294757343754854,20,-23.6117245464843,-46.47611484811718
37072-37070,1,0,1,1,0,3,1,4,0,1,0,0,0.0167449522062061,12,-23.738404847605903,-46.691804160201286
18432-6811,1,1,1,0,1,1,2,1,4,1,1,3,0.0268463618289688,17,-23.51980423989626,-46.70205766638213
47780-31805,2,2,1,4,2,2,0,1,1,0,1,2,0.0249309248745528,18,-23.767677351563226,-46.717034271795086
19087-1807,1,0,0,1,1,1,0,0,1,4,2,5,0.020363203448328,16,-23.586672046264084,-46.598372765491845
118729-105861,1,0,2,0,5,1,4,4,2,2,1,3,0.0242728943801648,25,-23.672372288443064,-46.74237333830767
18126-18127,2,1,0,3,0,1,0,2,1,3,1,0,0.0196795115976129,14,-23.506275526429175,-46.72208283116926
72470-98088,1,2,1,2,0,0,0,1,1,2,1,1,0.0222621438165338,12,-23.495023761922084,-46.40535767863842
37226-45979,5,1,1,0,0,1,0,1,0,2,1,1,0.0198261479194821,13,-23.76407982921352,-46.69614984931582
5551-5552,1,8,0,3,0,1,3,0,6,2,4,1,0.0221347535119099,29,-23.543830199999995,-46.6421281
35755-228,1,2,0,0,1,0,4,0,1,0,0,2,0.0145536556712736,11,-23.607837757373996,-46.599039922033526
93300-93367,1,0,1,1,1,1,0,2,0,2,1,2,0.0226314840522417,12,-23.58457549423653,-46.40900876980921
5556-12016,1,0,0,1,2,1,0,2,0,3,1,0,0.0175322059592412,11,-23.54580782836201,-46.64778534279478
136585-9437,2,1,1,0,2,1,1,2,1,1,0,1,0.0242591472249896,13,-23.5829823945432,-46.56977587253213
7718-23381,1,1,0,1,0,2,2,1,1,3,0,4,0.021537210500293,16,-23.535606626254605,-46.65350133136901
70-102810,1,0,1,2,1,0,3,2,0,0,0,1,0.0168778413729,11,-23.51709705279092,-46.72559310774112
54395-46991,3,2,1,3,1,0,0,0,2,2,1,1,0.0230219032592184,16,-23.61492822077537,-46.50190690957404
1935-1937,1,2,0,1,2,0,0,1,2,0,0,1,0.0172251861603276,10,-23.532462249999995,-46.62533285
62117-84044,1,1,1,4,1,0,0,3,0,0,2,1,0.0200910097758583,14,-23.4590506,-46.571353550000005
7127-7128,1,3,1,2,1,0,1,1,0,1,2,0,0.0221384194199566,13,-23.53965018024108,-46.48395913992877
89064-89065,1,0,5,3,2,0,1,1,1,1,2,2,0.0243856210526017,19,-23.456209149728757,-46.71566009530616
3836-3837,1,1,0,1,3,1,0,2,2,0,0,1,0.0197418320344073,12,-23.65434780000416,-46.76027325000835
4216-4241,1,2,0,2,2,1,0,2,0,0,1,0,0.0175083775569375,11,-23.64592672721989,-46.64089072332739
25147-25149,2,1,0,0,1,0,0,1,2,1,1,2,0.019780324068898,11,-23.566656829132604,-46.69576687420357
113446-5451,1,1,4,2,0,4,0,0,0,1,0,1,0.0178786342696571,14,-23.54915956457024,-46.633617588030745
99394-33522,1,2,4,2,0,1,4,1,0,1,0,0,0.0193184196550101,16,-23.59240309817252,-46.48886092092951
130285-5586,2,1,2,0,3,0,2,0,4,0,0,1,0.0171555339074398,15,-23.537337953938536,-46.63442333027293
111214-128613,3,0,1,2,2,1,1,0,1,2,2,3,0.0249125953343191,18,-23.50882192394039,-46.62481240441621
36606-36609,1,0,1,1,1,0,2,1,1,2,2,1,0.0243856210526017,13,-23.60049592138619,-46.59668501917516
5555-6536,1,4,2,0,2,3,1,2,2,1,0,1,0.0242591472249896,19,-23.54746972770195,-46.64757735430668
5477-5478,1,5,0,0,2,0,0,1,1,1,4,0,0.0172829242120636,15,-23.54513072136074,-46.638969897649744
5553-102838,2,4,0,2,1,0,0,2,1,1,2,0,0.0199122967585802,15,-23.54616350968959,-46.64483616635924
3570-134294,1,4,5,1,1,0,1,0,1,1,0,1,0.0223822023050642,16,-23.555148174449727,-46.66400991434104
8294-25604,1,1,2,1,1,3,3,1,3,0,2,0,0.0243810386675433,18,-23.55990246673641,-46.63076701739467
5600-5601,2,3,3,2,0,0,0,0,0,0,1,0,0.0128545072916145,11,-23.5459389,-46.6335149
5615-5616,3,1,1,1,2,2,2,0,0,2,1,0,0.022665393701674,15,-23.550096807404763,-46.64618236485092
5526-5527,1,5,1,1,0,0,2,1,0,3,6,6,0.021886388241744,26,-23.542869123950545,-46.63924353351795
5548-5549,1,2,2,0,1,0,0,1,0,0,1,2,0.0174616372293417,10,-23.545235028778183,-46.64371386591856
1988-5509,2,3,0,0,3,0,0,0,1,1,0,1,0.0152034378725564,11,-23.547877133113733,-46.638218137845136
5478-5473,1,4,0,0,5,2,0,0,2,2,3,2,0.0203072983506153,21,-23.545676460099703,-46.63896640836786
91808-69127,2,3,1,3,1,2,0,2,1,1,3,2,0.0275282207256605,21,-23.625688901404644,-46.46236589521226
86957-86959,1,2,3,7,7,5,6,1,2,2,1,7,0.0294757343754854,44,-23.62213221013728,-46.72644054332975
11467-47008,1,2,1,1,2,1,1,0,1,2,1,0,0.0249886629262887,13,-23.610723771077808,-46.48579460850786
44551-38280,1,1,2,0,3,0,0,0,0,0,3,1,0.0154719656369793,11,-23.40656642622482,-46.75578909711352
111201-110408,1,1,1,0,2,2,1,1,0,0,1,2,0.0219257967532463,12,-23.520640525056905,-46.63592553763792
1005-19702,1,1,2,2,0,0,0,1,2,1,0,0,0.0171775293557201,10,-23.604659338876065,-46.600045381790096
30045-98379,2,1,0,1,1,3,0,2,0,3,1,0,0.0201056734080453,14,-23.709984170303528,-46.69954134848899
126812-11711,1,0,1,2,1,0,0,0,4,3,3,1,0.0204484358104144,16,-23.610248450000444,-46.6978818749967
139936-7713,1,1,0,2,0,2,0,1,1,1,2,0,0.0196795115976129,11,-23.519606683445023,-46.67360494965567
6529-7739,1,0,0,0,3,2,1,0,1,1,1,1,0.0196813445516363,11,-23.556605599485067,-46.65856219178149
75811-117133,1,0,0,2,0,3,1,1,2,0,1,2,0.0189536618043605,13,-23.546447282149902,-46.47243220437559
205-21930,1,2,0,4,7,1,2,3,1,3,5,3,0.0268738561393193,32,-23.549689821612624,-46.62562995418971
384-125042,1,2,3,1,3,3,0,0,0,3,0,0,0.0181306654478698,16,-23.57191218133002,-46.70046301541424
32669-7147,1,2,2,2,1,0,0,2,0,0,0,0,0.0150063953150447,10,-23.507230540152285,-46.47897320142488
258-116383,1,6,3,4,3,4,2,1,2,2,6,1,0.0294757343754854,35,-23.52440824588525,-46.62533858921037
21836-124703,1,1,1,1,2,2,0,1,1,0,1,0,0.0224335250177184,11,-23.555758958925697,-46.64922929433557
58514-10014,1,0,0,3,1,0,2,1,1,1,0,2,0.0191965282124563,12,-23.57369710107109,-46.73575409900788
117105-117106,1,0,1,2,2,1,1,1,1,0,1,4,0.0243049710755737,15,-23.543478188688056,-46.46983894110743
5436-10259,1,1,0,2,1,3,0,0,1,0,1,0,0.0178419751891899,10,-23.54970887545812,-46.63036688092426
5512-5511,1,1,3,2,0,4,0,1,0,1,0,2,0.0198683058620195,15,-23.54913069954392,-46.64084179039877
34-33,1,4,2,4,1,4,0,2,0,0,0,0,0.0175230411891244,18,-23.528272372347665,-46.66222684221352
115129-124370,2,0,2,1,0,3,0,1,0,0,1,0,0.0147873573092526,10,-23.643445687501107,-46.779623000014055
23349-23261,2,4,1,1,1,0,2,1,3,0,2,2,0.024361792650298,19,-23.54154881621044,-46.64154523885914
27868-91172,1,1,1,2,0,2,0,0,0,3,1,0,0.017968449016802,11,-23.48796184066789,-46.683165537591336
7413-7415,1,2,1,0,0,1,1,2,2,1,1,3,0.0240969307939218,15,-23.540417574786936,-46.612396003812
84164-28944,2,1,1,0,1,1,2,0,0,0,3,1,0.019936125160884,12,-23.49396690005122,-46.41712215000311
6037-7607,1,0,0,1,2,2,0,1,2,1,1,1,0.0223528750406903,12,-23.53770811614009,-46.64856671602409
5479-5480,1,4,0,1,0,3,1,0,3,1,2,0,0.0196373536550755,16,-23.546940901673626,-46.64040342136282
113538-5629,1,0,3,2,1,0,1,0,2,3,1,2,0.0223959494602393,16,-23.53531502610003,-46.64067197843285
111016-115471,2,0,1,1,3,2,0,0,0,0,2,1,0.0180445166087717,12,-23.56997442500412,-46.64580807500828
28953-28954,1,2,2,2,3,3,3,1,2,3,0,1,0.0268885197715062,23,-23.49319748435439,-46.38900428450996
9346-9347,1,2,1,1,0,2,1,0,2,0,2,2,0.0221393358969683,14,-23.5238707992328,-46.66621260563908
1340-22538,1,1,1,2,2,1,1,1,2,0,0,3,0.0242912239203984,15,-23.52441104730363,-46.60674661543058
841-842,1,3,0,4,0,2,1,2,0,1,1,0,0.0193037560228232,15,-23.66212795,-46.7114055
123347-91470,1,0,3,0,0,1,2,2,1,1,0,3,0.0189362487411386,14,-23.64042753909829,-46.44837671187855
72847-69341,1,0,1,2,1,3,3,5,1,2,4,1,0.0269022669266815,24,-23.542587488893005,-46.40991584605749
6532-18627,1,0,0,2,1,0,0,1,1,4,0,0,0.014751614705797,10,-23.55318381685421,-46.65480135696487
27815-41037,1,0,1,2,1,1,0,0,1,0,1,4,0.0203677858333864,12,-23.474446743476395,-46.670613026653626
5537-5539,1,1,0,1,0,1,1,2,1,1,1,1,0.0241244251042723,11,-23.5408726203907,-46.63914096363226
59741-59740,1,1,0,1,0,1,0,0,0,2,2,2,0.0178639706374702,10,-23.710990375000137,-46.61768149999912
111363-111360,1,4,4,4,0,3,2,1,2,1,2,0,0.024228903483604,24,-23.483571508427268,-46.4601742000376
30430-30431,1,1,3,3,0,4,0,0,0,1,0,0,0.0153812344128228,13,-23.73283658829022,-46.69737598059546
114805-31127,1,2,0,1,1,0,1,3,1,2,1,0,0.0218598104084052,13,-23.726617234154237,-46.69945998150378
104024-37669,1,1,3,0,3,0,1,1,3,3,2,1,0.0243297159548891,19,-23.754306990944457,-46.68811092739615
28265-139163,1,4,2,3,2,1,0,2,2,1,3,3,0.0275282207256605,24,-23.45613252729365,-46.72007441354463
47017-54377,1,0,1,2,1,1,1,0,0,1,3,2,0.0225893261097043,13,-23.61449505632102,-46.49982814566921
2153-2154,1,1,3,1,2,1,0,0,0,0,0,1,0.0180307694535964,10,-23.454383412500263,-46.78543158750308
72808-73895,1,1,0,2,0,0,1,1,2,2,1,1,0.0216077792301926,12,-23.50907552903232,-46.422671350011
2892-2893,1,1,1,0,1,0,2,2,3,1,0,1,0.0217425013509099,13,-23.3947456,-46.5722543
5544-5546,1,3,4,2,2,0,1,0,0,2,0,0,0.017561533223615,15,-23.541675399999995,-46.63958095
12372-35997,1,1,1,0,1,1,0,0,0,2,1,2,0.0205859073621668,10,-23.675704649608576,-46.774460874043285
5550-5549,1,0,2,3,0,2,0,0,2,1,1,1,0.0202156506494471,13,-23.54463002087366,-46.64300368491776
73352-73351,1,3,1,0,1,0,1,1,4,2,0,1,0.0217425013509099,15,-23.48388734466654,-46.41544891952777
91306-124707,1,1,3,1,2,0,3,0,1,0,3,1,0.0223721210579357,16,-23.530939525049952,-46.665375237565
115420-8803,1,2,0,3,3,3,2,1,2,1,0,1,0.02428664153534,19,-23.59713323623439,-46.63721018116152
42617-27815,1,1,0,3,2,1,0,1,4,2,1,1,0.0249263424894943,17,-23.47391816847631,-46.67004887664512
41181-41182,1,0,3,0,0,0,0,3,2,0,1,0,0.011964608113271,10,-23.47030669751816,-46.69818687336178
4283-119045,1,2,6,1,1,1,3,1,1,3,4,2,0.0294757343754854,26,-23.731050567553787,-46.78575376550999
92714-92705,1,0,4,2,2,0,0,0,1,0,0,1,0.0152639253553274,11,-23.61482674040616,-46.4181638661805
4259-4260,1,1,2,2,1,1,2,1,0,0,0,0,0.0194705548389493,11,-23.676794163780823,-46.628170671887005
8267-8992,1,1,1,2,0,0,1,0,2,3,3,4,0.0222199858739964,18,-23.555461620255407,-46.62846516169428
56415-4124,1,0,1,1,1,0,1,1,1,1,2,0,0.0218882211957673,10,-23.677920633342904,-46.641343633367
5555-5615,1,1,0,0,1,0,0,1,2,1,3,2,0.019780324068898,12,-23.549137620123616,-46.646754887477215
2744-99829,1,1,2,3,1,1,1,1,1,0,0,2,0.0242912239203985,14,-23.449987655555667,-46.56962440151688
82566-82569,0,3,1,0,1,0,0,1,6,4,3,2,0.0199196285746737,21,-23.517783794306965,-46.54937286515828
1972-1978,0,5,2,2,1,3,0,0,1,2,2,5,0.0230759754029077,23,-23.53582815000276,-46.633637999981445
16149-3380,0,0,0,1,1,0,1,0,2,1,4,3,0.0173314974936828,13,-23.64324365298279,-46.73647117057156
37237-37238,0,0,0,1,2,0,1,0,2,2,2,0,0.0148340976368484,10,-23.772181391901675,-46.70032802735892
31495-31496,1,1,1,0,1,1,2,1,2,0,0,1,0.0216618513738818,11,-23.572732125009267,-46.70749587498759
1942-119906,1,1,2,1,1,0,0,1,2,2,0,0,0.0199269603907671,11,-23.525371603225253,-46.62807329465794
99800-39838,0,0,2,1,1,3,0,0,1,2,0,1,0.0179152933501244,11,-23.56323042500482,-46.65416500001049
118770-3119,0,0,3,2,1,1,4,3,2,2,1,2,0.024439693196291,21,-23.68395232485697,-46.6915170242603
124937-394,0,2,0,4,1,1,2,0,1,1,0,6,0.0198343962125872,18,-23.57234166045418,-46.70449645754184
145-146,0,1,3,1,1,2,0,0,2,0,1,0,0.0179812796949655,11,-23.53505775834192,-46.63334073328092
115469-7739,0,1,1,1,1,1,0,0,1,0,1,3,0.0204786795517999,10,-23.55720409961361,-46.65920442162072
44472-86754,0,0,0,0,1,1,2,0,2,2,1,1,0.0172187708212459,10,-23.60594575,-46.723637800000006
23009-6874,0,2,2,1,3,1,2,2,2,6,1,2,0.027013160645095,24,-23.50490148821737,-46.6889285919477
342-340,1,1,0,2,2,0,0,0,0,1,1,3,0.0180967557984375,11,-23.593331000002472,-46.69219623748192
99003-98999,0,2,0,1,0,1,2,1,2,2,0,1,0.0190746367699026,12,-23.558988475014097,-46.65203117498567
74021-74001,0,1,0,1,1,1,2,1,1,2,0,4,0.0218240678049496,14,-23.43855093677595,-46.57413048379632
12372-12393,0,0,0,0,0,2,0,0,6,2,2,4,0.0125218261363739,16,-23.67615454442429,-46.774014118995765
37203-37206,0,1,1,3,3,1,0,1,1,1,0,2,0.0224784323912908,14,-23.749544302125067,-46.69940059491667
23395-145,0,2,1,6,1,3,2,5,3,4,2,3,0.027013160645095,32,-23.536190139597306,-46.633500814498326
49463-7214,0,2,0,1,1,0,0,0,3,1,2,3,0.0179574512926618,13,-23.58429828933973,-46.49228186372149
112632-8267,1,0,1,0,5,1,2,2,0,5,2,1,0.0219496251555501,20,-23.555503370103217,-46.6279062665306
63911-246,0,3,3,0,1,0,1,3,4,5,3,3,0.0218671422244987,26,-23.58481832528441,-46.738371499787824
72479-72478,0,2,1,0,1,1,0,3,2,4,2,1,0.0224362744487534,17,-23.526097209390603,-46.39799665160017
93122-93152,0,2,1,0,2,1,0,2,2,0,0,0,0.0147543641368321,10,-23.578375325000145,-46.41179679999948
23320-23321,0,3,1,0,2,1,0,0,2,4,2,1,0.020446602856391,16,-23.54010973554113,-46.64417166088896
126024-5689,0,0,0,0,0,0,0,0,0,3,7,1,0.0076819110376794,11,-23.58762502237352,-46.59177578323845
79819-71966,0,0,1,1,0,1,0,1,2,1,3,0,0.0172453486545847,10,-23.65034343984721,-46.78327169298534
88803-41041,0,0,0,1,0,2,0,1,1,1,0,4,0.0145536556712736,10,-23.45479034284133,-46.69789623591368
73784-28951,0,1,2,1,1,2,1,0,3,1,1,2,0.0250234890527326,15,-23.49751621900554,-46.398720550509694
4313-114620,0,1,3,1,2,0,3,0,1,1,2,1,0.022506843178653,15,-23.665770618198408,-46.71231631106252
381-382,0,4,1,1,3,1,3,4,3,3,0,2,0.0244259460411157,25,-23.57607345000467,-46.69575102502
92359-92327,0,1,1,1,0,0,2,1,0,2,2,0,0.0169264146545192,10,-23.601551823542167,-46.43849769429627
5424-5434,0,1,2,1,3,4,0,1,2,1,3,1,0.0250656469952701,19,-23.55008846252836,-46.63186788790173
65322-117020,0,2,1,0,1,1,1,0,2,2,4,3,0.022394116506216,17,-23.518847175005,-46.58162609998895
16719-16721,0,0,0,1,0,0,0,2,3,2,2,0,0.0121268245443388,10,-23.668955786765984,-46.70236993339735
135964-44315,0,1,0,2,3,4,3,3,2,2,4,4,0.0244112824089288,28,-23.508139099999998,-46.7379387
5428-32015,0,1,2,2,2,0,0,2,0,1,1,0,0.0177283320397412,11,-23.54471103882045,-46.63386470209814
28258-139409,0,1,2,2,1,2,4,2,2,4,2,1,0.027013160645095,23,-23.438013080426984,-46.721232812748994
24295-24296,0,1,4,0,2,2,0,4,1,1,3,2,0.0224362744487534,20,-23.514769569720706,-46.62512148641813
19784-19868,0,0,0,1,0,1,0,0,3,4,2,2,0.0151511986828905,13,-23.546218367560208,-46.69222942665347
72873-116745,0,1,2,0,5,3,1,2,0,5,3,2,0.0220605188739637,24,-23.54387476836532,-46.41057290718705
32011-5600,0,2,0,3,2,0,0,0,1,1,1,0,0.0154600514358274,10,-23.54683427500006,-46.63338927500073
69127-91776,0,2,0,2,1,0,0,0,2,5,7,1,0.0179574512926618,20,-23.62489543446044,-46.462572839712585
32020-5515,0,3,1,1,1,1,0,1,1,2,0,1,0.0224784323912908,12,-23.547067416765827,-46.63664175395411
100329-100330,0,0,1,1,0,2,2,1,1,1,1,1,0.021690262161244,11,-23.536626486508887,-46.63569422138114
547-548,0,0,0,1,1,1,0,5,1,2,1,1,0.0198903013102999,13,-23.603739600000843,-46.69594390000071
23731-6118,0,1,1,1,1,0,1,2,1,2,1,2,0.0244965147710153,13,-23.553190814959105,-46.60004966954594
65769-65770,0,2,0,0,1,1,1,2,2,2,3,1,0.0217819098624122,15,-23.587536666765253,-46.75020832117576
7188-10783,0,0,2,0,0,1,0,0,3,3,3,3,0.01512370437254,15,-23.611066546484302,-46.47559039811718
53799-53800,0,2,0,0,0,1,0,1,1,1,3,1,0.0170849651775403,10,-23.5804637000113,-46.77084537498197
50684-46387,0,2,0,2,3,2,0,1,0,3,1,0,0.0176430996776548,14,-23.6015483191236,-46.51140550753249
48235-45980,0,2,0,1,1,1,0,1,1,1,3,3,0.0224637687591039,14,-23.77018416539412,-46.68159868953564
81345-81352,0,3,0,2,1,2,0,1,3,2,0,3,0.0198765541551247,17,-23.52690341972356,-46.42412496958707
2001-5446,0,2,0,1,0,1,0,1,0,2,2,2,0.0173910684994421,11,-23.55944272500189,-46.63937430000362
6447-32332,1,1,0,1,2,0,2,1,1,2,0,0,0.019272595804426,11,-23.53292754915305,-46.54536209627376
46991-54578,0,0,1,0,5,0,1,0,0,3,0,0,0.009896119497904,10,-23.61475964577541,-46.501614034574544
4313-4351,0,0,2,0,1,1,3,3,1,2,0,1,0.0192231060457952,14,-23.665621118198413,-46.71147491106253
99877-98384,0,2,1,2,1,5,3,2,1,1,3,4,0.027013160645095,25,-23.73825420125265,-46.78097829449709
23273-12072,1,2,1,0,2,0,0,2,2,6,4,3,0.0223822023050642,23,-23.538265763983283,-46.63682080630487
5422-5423,0,0,2,0,2,0,2,2,1,3,2,2,0.0192936747756947,16,-23.55221055668888,-46.632838847245
95449-95457,0,0,0,2,0,0,0,0,2,2,1,3,0.0126345528088108,10,-23.546480274589825,-46.40903888668738
72818-72827,0,0,1,0,3,1,2,1,0,1,0,1,0.0168998368211804,10,-23.54249673683152,-46.41988808486627
73956-73958,0,1,1,0,1,0,1,1,2,1,2,0,0.0193697423676643,10,-23.45667868875043,-46.59255506585015
3719-60803,0,0,1,2,1,0,1,0,1,3,1,1,0.0199333757298489,11,-23.43124085,-46.756118650000005
32685-32686,0,4,1,1,1,1,1,4,0,2,4,3,0.0246898914204803,22,-23.491627301494944,-46.44665534957362
101415-111217,0,0,2,2,1,2,0,1,0,4,1,1,0.0201689103218513,14,-23.503354583662016,-46.62464488624731
140641-72746,0,1,0,1,0,2,0,1,1,3,1,1,0.0197143377240569,11,-23.521868277642614,-46.41860930899344
33957-99399,0,2,1,5,1,1,1,1,1,1,1,1,0.027013160645095,16,-23.607428600004013,-46.47860804999931
21943-8300,0,1,2,0,1,0,5,2,2,4,3,2,0.0218671422244987,22,-23.557443441194973,-46.62994360450647
113712-137465,0,2,0,0,2,1,0,0,3,3,2,1,0.0178447246202249,14,-23.610500100005797,-46.58641432500289
116394-116395,0,0,0,3,5,5,1,3,0,4,6,6,0.0195145457355101,33,-23.54835008333631,-46.6506320833314
15121-10237,0,1,1,0,0,1,1,3,0,1,2,0,0.0168136879820823,10,-23.65529022003563,-46.706743327296536
86082-86083,0,0,0,1,2,0,1,2,1,2,1,1,0.0193211690860451,11,-23.49131775000296,-46.44349939999709
136909-3570,0,1,1,0,4,2,0,0,2,4,2,1,0.020446602856391,17,-23.55498487444973,-46.663166714341045
107192-104501,0,3,2,1,0,2,2,0,0,1,0,2,0.0173635741890916,13,-23.682830660017267,-46.79182623000368
95194-95195,0,0,1,0,1,1,0,0,2,1,1,4,0.0178731354075871,11,-23.54321812434066,-46.41633515749844
116395-112719,0,0,0,1,2,0,2,1,4,2,2,2,0.0193211690860451,16,-23.548583199999992,-46.65135695
9185-9171,0,2,2,1,2,0,0,0,1,1,0,3,0.0179721149248487,12,-23.65375068207332,-46.64516490784105
15997-6547,0,1,0,2,1,1,1,1,0,1,2,0,0.0195906133274798,10,-23.537435379666945,-46.67432945435368
88440-41120,0,1,2,0,2,0,0,1,2,3,2,2,0.0199196285746737,15,-23.46197451933329,-46.71373178974829
23282-23283,0,1,1,0,1,1,1,0,2,3,0,0,0.0173095020454024,10,-23.5323795839411,-46.641675557777575
5555-112721,0,1,4,1,0,0,0,1,0,1,1,1,0.0174763008615286,10,-23.54671202770195,-46.64666095430668
80732-80733,0,0,0,1,2,0,1,1,1,2,1,1,0.0193211690860451,10,-23.619292699999995,-46.758125150000005
46592-46604,0,1,0,2,0,0,1,1,0,2,0,3,0.0142347216712081,10,-23.603479854877307,-46.526204464485744
62064-68142,0,1,1,1,4,5,0,1,1,1,1,0,0.0225682471384357,16,-23.48968595062949,-46.57562907907183
5638-5639,0,1,0,0,1,3,0,0,3,1,0,2,0.0152575100162456,11,-23.53373165,-46.6315614
73188-73193,0,1,3,2,2,0,4,1,3,6,2,1,0.0244965147710153,25,-23.48369088340081,-46.46126895002192
254-31491,0,0,1,2,0,0,1,1,3,1,1,0,0.0166762164303299,10,-23.57434910041728,-46.706604250078286
4290-115647,0,1,1,1,2,0,2,2,4,6,2,4,0.0244965147710153,25,-23.675586508134565,-46.75702088790728
113996-113997,0,0,0,1,1,4,4,2,5,3,6,6,0.0218378149601248,32,-23.5717445,-46.5039791
93405-93403,0,0,1,1,2,0,1,3,1,1,1,6,0.0219230473222113,17,-23.585755239901047,-46.41478802616489
22450-9436,0,1,0,1,1,2,0,1,1,2,0,1,0.0198765541551247,10,-23.584350587499195,-46.57759839908704
39859-8286,0,0,2,0,1,1,1,1,0,2,2,2,0.0194870514251597,12,-23.55532768538989,-46.642233355769896
1987-141444,1,11,3,2,2,5,1,1,4,2,3,2,0.0294757343754854,37,-23.546770433391284,-46.63757626088657
8232-8231,0,0,1,1,1,1,1,0,2,2,0,1,0.0198628069999495,10,-23.542281946633786,-46.57671545609256
39379-39378,0,1,1,0,2,2,1,0,2,1,0,0,0.0173095020454024,10,-23.49269703910911,-46.69635388323239
18430-18431,0,4,2,2,1,2,1,0,2,3,1,1,0.0250234890527326,19,-23.519055178030232,-46.70352028616384
38580-100970,0,1,5,1,2,1,1,2,2,4,0,1,0.0244259460411157,20,-23.7373524339154,-46.66605263360853
10592-18422,0,0,0,1,2,1,1,1,0,1,1,2,0.0195145457355101,10,-23.519100642368205,-46.7017501856029
98069-98073,0,3,2,3,3,5,3,0,6,2,4,5,0.0250234890527326,36,-23.49443436352155,-46.403499713384456
35107-35114,0,0,2,3,2,2,0,0,0,2,0,1,0.0155920241255097,12,-23.5660916453742,-46.51195612877497
74297-28964,0,3,2,0,0,0,1,3,2,3,1,0,0.0166203113326173,15,-23.48542472500213,-46.37942822499768
32014-5598,0,5,2,1,1,2,0,4,1,3,2,4,0.0250656469952701,25,-23.543300214208863,-46.63694660293641
23333-62518,1,3,3,3,2,1,5,1,1,4,1,3,0.0294757343754854,28,-23.540881074010493,-46.64386860384688
2831-2826,0,0,3,0,1,1,2,2,0,2,0,1,0.0168998368211804,12,-23.40900289586048,-46.581021024895314
96377-96376,0,1,1,0,2,1,2,1,2,1,1,2,0.0243837880985784,14,-23.53480311287096,-46.400721241778285
91282-33,0,1,0,1,1,0,0,1,1,3,2,0,0.0174497230281898,10,-23.5289861043384,-46.66155924182139
48159-48465,0,2,0,1,0,1,1,1,1,1,1,2,0.0216618513738818,11,-23.771554995727875,-46.6796460102281
98177-36010,0,3,0,0,0,0,0,0,0,3,4,1,0.0102553784864834,11,-23.688183839420464,-46.78075628870039
4576-126877,1,3,0,1,1,2,1,0,0,1,0,1,0.019973700718363,11,-23.57174006276492,-46.70790055535832
23263-23264,0,0,2,1,1,0,0,0,1,1,3,1,0.017985862080024,10,-23.543018675005506,-46.64546939999322
105155-105136,0,0,1,4,2,1,0,0,1,1,1,0,0.0180051080972693,11,-23.65831542928325,-46.74234295282688
118922-118923,0,0,3,1,2,1,1,0,2,2,1,3,0.0224500216039287,16,-23.72272282631948,-46.785292572865785
5573-5572,0,2,2,0,1,2,0,1,1,1,3,2,0.0224362744487534,15,-23.54545787473776,-46.64609904500324
4353-4313,0,1,1,0,1,0,2,3,0,5,1,1,0.0195438729998839,15,-23.665548768198413,-46.71152711106252
140425-130263,0,1,0,2,0,0,1,1,0,2,2,3,0.0168219362751874,12,-23.58356415,-46.77853755000001
16114-8801,0,3,1,0,0,1,2,2,0,1,4,2,0.0193110878389167,16,-23.598979477435925,-46.6367339412172
36610-113533,0,1,4,4,2,0,0,1,2,5,3,0,0.0200516012643559,22,-23.605691118269576,-46.59435708371268
38166-130910,0,1,1,4,0,1,1,0,2,2,2,1,0.0222740580176856,15,-23.74565206199444,-46.66514253344498
7437-25237,0,2,1,0,0,2,2,2,1,3,1,2,0.0216343570635313,16,-23.565124147971996,-46.69425334769197
127601-89314,0,0,1,0,0,1,2,1,4,1,0,3,0.0164736750107481,13,-23.435091723152983,-46.73171817067767
39387-62510,0,1,1,1,2,0,0,0,3,4,0,0,0.0154747150680144,12,-23.48497200508385,-46.69155079689036
7561-7560,0,2,0,1,0,1,2,1,2,1,4,2,0.0216618513738818,16,-23.52343465634616,-46.659642474441725
22456-22457,0,4,1,2,1,1,0,4,0,2,0,0,0.0176577633098417,15,-23.54670414282444,-46.64891986718864
22607-6750,0,2,2,1,1,1,0,1,0,1,0,3,0.0201551631666761,12,-23.527811509447943,-46.674238488381135
6535-130593,0,0,0,2,2,5,0,3,0,2,6,3,0.0175670320856852,23,-23.551319487872085,-46.650347191120645
6537-6866,0,1,0,0,4,0,0,2,1,3,3,0,0.0148203504816732,14,-23.545078414719164,-46.652998212502254
21437-38002,0,4,2,0,0,0,0,1,0,2,2,1,0.014846928315012,12,-23.75943320959071,-46.66629503099917
72324-70111,0,2,1,0,1,0,0,1,0,1,2,2,0.017596359350059,10,-23.53899184901235,-46.458548530344686
110357-110358,0,1,3,7,3,5,2,1,2,1,0,0,0.0219285461842814,25,-23.517522165410146,-46.65411164013747
29811-21430,0,1,5,1,2,0,0,1,4,1,1,1,0.0225490011211903,17,-23.70341222632489,-46.70110548187233
6070-115630,0,2,1,0,2,2,0,0,1,2,2,1,0.020446602856391,13,-23.552746808356943,-46.61729547501545
61508-61505,0,1,1,1,2,1,0,1,1,2,1,0,0.0225682471384356,11,-23.621443362935526,-46.585097632964576
82206-82205,0,2,1,0,2,1,2,0,0,1,1,1,0.0200708472816013,11,-23.51282783660718,-46.45766530255213
126883-50731,0,2,1,1,2,1,0,0,0,2,2,0,0.0182553063214586,11,-23.620211028593395,-46.69962609287994
64851-64852,0,0,1,1,2,0,3,1,1,1,0,2,0.0193358327182321,12,-23.60360155,-46.47094425
6458-112873,0,2,3,3,1,2,0,1,1,1,0,1,0.0224784323912908,15,-23.559614926319465,-46.64534342254825
257-258,0,0,1,1,2,4,2,2,0,1,1,0,0.0196190241148419,14,-23.52513402491379,-46.62536215660339
72465-72466,0,0,0,3,0,0,0,2,0,2,3,2,0.0123009551765584,12,-23.50364704611865,-46.40510366048986
5305-5306,0,1,1,1,1,4,3,1,0,1,1,0,0.0221924915636459,14,-23.57194401255172,-46.64335356762306
107136-107357,0,0,2,2,1,4,1,2,1,3,1,3,0.024439693196291,20,-23.702701716688,-46.78319934768366
119774-3571,0,5,2,1,1,1,0,0,0,1,1,0,0.0182553063214586,12,-23.55458449362685,-46.66151677250449
135210-22450,0,0,1,1,2,0,0,1,2,1,3,2,0.0199755336723863,13,-23.5843698588142,-46.57826819197331
111015-99799,0,1,1,0,2,2,0,1,0,1,1,1,0.0201130052241387,10,-23.563652616185607,-46.65389470633889
41009-41010,0,2,0,1,2,1,0,1,4,1,0,1,0.0198765541551247,13,-23.434958004347017,-46.71814967293412
3486-129533,0,1,1,2,1,1,1,0,1,2,1,2,0.0250234890527326,13,-23.639241340519547,-46.73635284597937
107124-107126,0,0,1,2,3,2,1,0,0,2,2,7,0.0201267523793139,20,-23.70200511855299,-46.791291382646506
108021-2122,0,1,1,1,3,2,3,0,2,1,2,0,0.0225260891958983,16,-23.56911255407386,-46.63985315241999
21881-21879,0,0,2,1,2,1,1,2,0,1,0,2,0.019529209367697,12,-23.547216317022983,-46.61559317846327
5558-5559,0,4,1,1,1,2,0,0,0,2,1,1,0.020752706178293,13,-23.54751120994795,-46.644815926957406
4795-4794,0,2,0,2,3,1,2,0,2,0,6,2,0.0198243149654587,20,-23.62285393583221,-46.73377027068675
21473-21474,0,2,0,1,1,0,0,0,2,3,0,1,0.0153702366886826,10,-23.694909216734946,-46.65582998033061
5627-5636,0,0,2,2,1,1,1,0,2,3,2,2,0.0224500216039287,16,-23.534554611633936,-46.6369777538294
118968-118969,0,1,0,2,3,4,1,0,2,1,2,2,0.0224216108165665,18,-23.67803522925401,-46.77640033645565
23475-23268,0,2,0,1,3,0,1,0,0,3,1,0,0.0150842958610377,11,-23.541876415419893,-46.64321416936279
88159-88177,0,0,2,0,2,3,0,1,1,1,1,0,0.017365407143115,11,-23.467380345643047,-46.69809834488986
78915-7019,0,0,0,2,2,3,0,1,3,1,1,3,0.0198903013102999,16,-23.53698938390206,-46.455508295555816
6274-6106,0,0,1,1,0,2,1,0,0,2,3,1,0.0173773213442669,11,-23.546184498214068,-46.57996130729107
118865-114693,0,1,1,2,0,3,2,1,1,2,1,1,0.0242637296100479,15,-23.669994604101795,-46.73723912404125
125893-5426,0,2,2,2,2,0,1,1,0,2,0,2,0.0195860309424213,14,-23.548815026206,-46.63721432543497
5450-5418,0,0,3,1,2,0,0,1,1,6,2,1,0.0199755336723863,17,-23.551362475809206,-46.63469179311952
7188-111007,0,0,1,0,2,2,0,1,2,1,0,1,0.0172755923959702,10,-23.6122794464843,-46.47633914811718
136849-21589,0,0,0,1,0,0,0,2,1,1,5,3,0.0146242244011731,13,-23.67443465,-46.678248800000006
7730-7731,0,3,0,1,1,1,1,0,0,2,1,0,0.0176009417351174,10,-23.557561818682466,-46.65547065145411
5623-23187,0,1,0,3,2,0,0,2,1,3,2,0,0.0174497230281898,14,-23.55061606586356,-46.642248148198014
99006-21799,0,1,1,1,0,3,1,1,0,2,1,2,0.0219404603854333,13,-23.55314960535833,-46.65963420524032
10-364,0,0,1,1,1,2,1,3,2,2,1,2,0.024439693196291,16,-23.585708432374357,-46.69064258608634
20831-6042,0,0,0,0,0,0,1,0,0,3,3,3,0.0096294246875044,10,-23.532371660615304,-46.66203481213036
119038-118922,0,0,1,0,3,2,0,0,1,1,2,0,0.0153757355507527,10,-23.723916399193303,-46.78553846782651
72470-72481,0,0,0,1,1,0,2,1,3,1,1,3,0.0193211690860451,13,-23.495550795122924,-46.40486457025085
2726-112561,0,0,0,4,4,1,3,4,1,2,0,1,0.0192506003561456,20,-23.467919304364614,-46.57080037186604
46979-55183,0,3,4,1,1,1,0,0,0,1,0,0,0.0156680917174794,11,-23.59982928603599,-46.51391031610527
27998-18601,0,4,1,1,1,5,0,1,0,1,1,4,0.0227423777706553,19,-23.477155655465037,-46.61014992841798
67609-67490,0,1,1,1,1,0,0,1,2,1,1,1,0.0225490011211903,10,-23.637952359443982,-46.59920227389272
129331-129332,0,5,2,1,2,0,0,0,0,2,1,1,0.0182360603042133,14,-23.5764001,-46.64322735
32238-51572,0,1,0,3,1,0,1,0,0,3,1,0,0.0150842958610377,10,-23.68887455513881,-46.68798992010957
115215-4019,0,1,2,1,1,0,0,0,3,2,2,3,0.020559329528828,15,-23.635206197818967,-46.77592061204658
6559-91333,0,0,0,2,1,3,0,0,1,1,2,0,0.0154032298611031,10,-23.55225120161465,-46.67566059474753
113845-34327,0,0,1,0,2,0,1,0,2,1,2,1,0.0173040031833323,10,-23.564813777434544,-46.50843296662114
36128-36132,0,1,2,1,4,1,1,1,0,2,2,1,0.0246898914204803,16,-23.60820190596926,-46.5915093777981
61431-61419,0,2,1,2,2,0,0,0,1,2,0,1,0.0179721149248487,11,-23.607283985968543,-46.59535074649855
77301-69340,0,0,3,0,0,4,1,1,0,1,2,1,0.0167376203901126,13,-23.543060621846543,-46.42396736955703
15147-820,0,0,2,3,4,0,0,0,0,1,0,0,0.0105779783945956,10,-23.653025071503524,-46.71908152759443
74009-74012,0,1,1,3,0,0,0,0,2,1,1,2,0.017809898493781,11,-23.43872572961559,-46.58612336191036
71515-71489,0,0,1,1,1,2,1,1,1,1,6,2,0.024439693196291,17,-23.623227151555607,-46.44458688866601
127681-127680,0,0,0,0,0,5,0,0,0,1,4,0,0.0077011570549248,10,-23.433641071352334,-46.7248112536884
118748-3409,0,0,0,3,0,2,1,2,3,1,2,0,0.0165909840682434,14,-23.644140871858102,-46.734216973460015
54270-47002,0,3,0,0,5,1,1,2,1,1,0,2,0.019194695258433,16,-23.613290038944733,-46.48898132691826
135729-21964,0,0,1,0,2,1,3,0,0,2,1,0,0.0149999799759629,10,-23.548407291959396,-46.61592004890967
23350-112774,0,0,1,1,0,2,3,0,2,0,2,0,0.0146058948609395,11,-23.540479709309476,-46.646483816149626
133306-73990,0,1,0,1,0,1,1,2,1,0,3,1,0.0190645555227741,11,-23.451864200113,-46.5871669868349
25170-25171,0,4,2,2,0,2,0,0,1,0,1,0,0.0152318486599186,12,-23.566935251526974,-46.70115620627303
3838-3839,0,1,1,0,2,1,2,0,1,0,3,0,0.0172994207982739,11,-23.65515274170649,-46.76119434577559
16580-26872,0,0,0,0,0,0,0,0,1,0,7,4,0.0074078844111864,12,-23.58278396017883,-46.59034108880774
5250-18057,0,0,0,2,2,1,0,2,2,1,5,1,0.0198903013102999,16,-23.585925806781745,-46.65295852313999
1983-147,0,0,0,0,2,1,0,0,2,0,4,2,0.0126739613203131,11,-23.542372493463795,-46.6347139195768
23046-23048,0,4,2,2,3,0,3,3,1,0,1,0,0.0194018190630732,19,-23.50680361455133,-46.67733526794602
5619-5615,0,2,1,2,5,3,1,0,1,0,1,0,0.0199287933447905,16,-23.55058679832651,-46.64605091690896
36052-4279,1,0,2,0,1,1,3,0,0,0,2,2,0.01736265771208,12,-23.69033023934956,-46.77458488093107
58925-55436,0,0,0,2,1,0,2,2,0,0,2,1,0.0144006040103227,10,-23.665457819019565,-46.67779072783699
59000-124093,0,0,2,2,0,1,0,1,1,0,3,1,0.0171454526603113,11,-23.70914963651562,-46.65474781061376
73994-100965,1,0,0,1,0,4,0,1,1,0,1,1,0.0170061481545355,10,-23.44841702600777,-46.58865047220174
21879-21880,0,2,1,2,0,1,0,1,0,1,0,2,0.017405732131629,10,-23.545091600005076,-46.61693620001931
5165-3620,0,0,0,1,2,1,2,1,1,0,1,2,0.0192405191090171,11,-23.61497053871592,-46.73182364907565
100071-100063,0,0,1,1,1,1,3,1,0,0,2,0,0.0170217282637342,10,-23.68655076652968,-46.75488542669973
15796-15797,0,1,2,2,3,0,0,1,0,0,1,1,0.0176284360454678,11,-23.498032571357903,-46.66334453866034
56773-87627,0,0,2,0,1,0,2,1,2,0,2,0,0.0141989790677526,10,-23.45811094574723,-46.66090353838173
8268-8269,0,2,1,4,1,2,1,1,2,0,2,4,0.0244158647939873,20,-23.546896173009664,-46.62375426076692
15213-15284,0,1,0,1,2,1,1,1,4,0,2,0,0.0193165867009867,13,-23.654861200057503,-46.714725372822485
63394-63285,0,1,1,0,1,2,1,1,1,0,3,4,0.0217864922474706,15,-23.58592306876564,-46.75950212496032
6583-124716,0,0,0,0,3,0,1,2,1,0,2,2,0.0140945006884207,11,-23.55889889328943,-46.6797585728109
133140-133141,0,0,0,0,1,2,0,4,0,0,2,1,0.0123403636880608,10,-23.635831675001132,-46.47368145000809
36323-36321,0,1,0,4,4,3,0,0,1,0,1,0,0.0153794014587994,14,-23.52010043169528,-46.45597412075737
124651-111023,0,3,1,3,2,3,0,0,1,0,2,0,0.0179812796949655,15,-23.5685087,-46.6480096
5439-5462,0,1,4,1,2,2,3,1,3,0,1,2,0.0244158647939873,20,-23.55548719511292,-46.63561070944408
3513-139754,0,3,0,0,1,2,2,1,0,0,1,0,0.0143639449298554,10,-23.580229363387744,-46.71101422764308
27802-60572,0,0,2,2,2,1,3,1,2,0,1,1,0.0218423973451833,15,-23.4921216246429,-46.68540558245096
22494-125845,0,1,3,2,2,2,1,0,2,0,2,1,0.0224261932016249,16,-23.524895324461404,-46.61877016814209
62518-23261,0,1,3,0,3,0,2,0,1,0,1,0,0.0147827749241942,11,-23.540963851033773,-46.64267191544903
21943-22038,0,3,1,1,1,2,1,2,1,0,1,0,0.0219184649371529,13,-23.55688294792003,-46.62898641156215
52016-52518,0,2,1,2,2,0,0,2,1,0,1,1,0.0199517052700826,12,-23.4858784877906,-46.47850232433025
80598-63643,0,2,1,1,0,1,1,0,2,0,2,0,0.0171793623097435,10,-23.626510296653272,-46.76220276202811
4057-4049,0,3,0,1,3,0,0,0,1,0,1,3,0.0153601554415541,12,-23.62779343636672,-46.76717769649645
25416-7805,1,0,1,0,2,1,3,1,1,0,1,1,0.0216755985290571,12,-23.566896892304054,-46.68589643038216
99076-91364,0,6,1,0,1,0,2,2,1,0,1,2,0.0192698463733909,16,-23.571111542062678,-46.69210557471607
3561-128847,0,1,3,0,2,2,0,0,0,0,1,2,0.0155260377806686,11,-23.56377931008208,-46.67839295124391
3561-13743,0,5,0,2,2,2,0,0,1,0,1,1,0.0178768013156337,14,-23.56417711486118,-46.67775009699516
23178-18535,0,1,2,4,3,1,1,1,2,0,1,0,0.0219184649371529,16,-23.55121263797124,-46.640073373940304
32302-32303,0,1,1,0,3,2,2,1,0,0,1,1,0.0194632230228559,12,-23.54931463333682,-46.64227793337148
25774-25775,0,0,0,3,0,0,4,0,1,0,1,1,0.011984770607528,10,-23.55467865,-46.6726832
61959-3295,0,0,6,2,3,0,0,1,1,0,0,1,0.0147910232172993,14,-23.614354949999992,-46.60108015
116837-6586,0,4,0,1,0,1,2,0,0,0,1,1,0.014751614705797,10,-23.55408408784423,-46.67173043751607
6811-10592,0,1,0,2,1,3,0,3,0,0,0,2,0.0149559890794022,12,-23.51973514214687,-46.701289206814
64907-92920,0,0,0,2,2,3,0,1,1,0,0,2,0.0147057908552129,11,-23.59614770773185,-46.43608715316019
10982-10689,0,1,0,0,0,1,3,2,1,0,0,2,0.0138479683722782,10,-23.62036704185307,-46.478377460601166
3873-3858,0,1,2,1,1,1,1,0,1,0,0,2,0.0198389785976457,10,-23.672357892588288,-46.787203027680434
88997-127142,0,0,2,2,0,0,3,0,3,0,0,1,0.011999434239715,11,-23.44870827751858,-46.71059577162868
7442-125708,0,9,0,1,0,1,1,2,0,0,0,1,0.0141540716941801,15,-23.56014881073305,-46.6962078214528
115007-7889,1,5,1,0,3,0,0,0,0,0,0,1,0.0128847510330001,11,-23.566603703004823,-46.69264879885901
125752-20619,0,1,3,2,1,1,2,0,0,0,0,1,0.0175157093730309,11,-23.52931165,-46.5757154
8990-6143,0,2,0,1,1,0,1,2,0,0,0,3,0.0143868568551474,10,-23.552992594789657,-46.62782014417464
5482-5581,0,6,2,1,2,1,1,0,3,0,0,2,0.0198389785976457,18,-23.54791322633976,-46.64208880223863
5911-5923,0,2,0,0,1,1,3,2,1,0,0,1,0.0165973994073252,11,-23.54400144341745,-46.574656236487485
4278-4304,1,1,5,0,0,1,0,1,0,0,0,2,0.0146416374643951,11,-23.67735404727002,-46.75982128369813
75808-103976,0,0,4,0,1,2,1,1,0,0,0,2,0.0143025409700727,11,-23.541839136398544,-46.46994554804354
9984-91278,0,3,2,1,2,1,0,0,0,0,1,0,0.0156580104703508,10,-23.528299195509497,-46.66596448843964
3088-9811,0,2,1,1,0,2,2,1,2,0,0,0,0.0165818192981266,11,-23.652527938652543,-46.68101119428914
21435-21433,0,2,3,0,2,1,1,0,1,0,0,0,0.0147122061942947,10,-23.75644820376815,-46.66739895838497
2126-2127,0,1,2,5,2,0,1,1,0,0,0,0,0.0144913352344792,12,-23.574134277386907,-46.64138098601656
47020-47021,0,4,1,1,1,0,3,3,0,0,0,0,0.0144913352344792,13,-23.61008802311292,-46.504482653956345
23265-116019,0,2,3,0,2,0,2,1,0,0,0,0,0.0118619626879626,10,-23.542518915159174,-46.64654080588882
2683-2677,0,2,1,5,2,1,0,0,0,0,0,0,0.0130707958663716,11,-23.50406275,-46.5678333
120189-180,0,0,3,4,0,0,1,2,0,0,0,0,0.0091684367506282,10,-23.628932656189,-46.62946299137079
97303-97301,0,0,1,2,1,3,2,0,2,0,0,0,0.0147681112920073,11,-23.51011132500017,-46.37729594999866
51817-11711,0,0,0,1,3,5,2,2,2,0,0,0,0.0141559046482035,15,-23.6110437,-46.6980428
